-- phpMyAdmin SQL Dump
-- version 5.2.1
-- https://www.phpmyadmin.net/
--
-- Host: 127.0.0.1
-- Generation Time: Dec 03, 2025 at 09:44 PM
-- Server version: 10.4.32-MariaDB
-- PHP Version: 8.2.12

SET SQL_MODE = "NO_AUTO_VALUE_ON_ZERO";
START TRANSACTION;
SET time_zone = "+00:00";


/*!40101 SET @OLD_CHARACTER_SET_CLIENT=@@CHARACTER_SET_CLIENT */;
/*!40101 SET @OLD_CHARACTER_SET_RESULTS=@@CHARACTER_SET_RESULTS */;
/*!40101 SET @OLD_COLLATION_CONNECTION=@@COLLATION_CONNECTION */;
/*!40101 SET NAMES utf8mb4 */;

--
-- Database: `smart_market`
--

-- --------------------------------------------------------

--
-- Table structure for table `ads`
--

CREATE TABLE `ads` (
  `id` int(11) NOT NULL,
  `title` varchar(255) NOT NULL,
  `description` text DEFAULT NULL,
  `image_url` varchar(500) DEFAULT NULL,
  `link_url` varchar(500) DEFAULT NULL,
  `button_text` varchar(100) DEFAULT 'Learn More',
  `background_color` varchar(50) DEFAULT '#4F46E5',
  `text_color` varchar(50) DEFAULT '#FFFFFF',
  `start_date` date DEFAULT NULL,
  `end_date` date DEFAULT NULL,
  `is_active` tinyint(1) DEFAULT 1,
  `display_order` int(11) DEFAULT 0,
  `impressions` int(11) DEFAULT 0,
  `clicks` int(11) DEFAULT 0,
  `created_by` int(11) DEFAULT NULL,
  `created_at` timestamp NOT NULL DEFAULT current_timestamp(),
  `updated_at` timestamp NOT NULL DEFAULT current_timestamp() ON UPDATE current_timestamp()
) ENGINE=InnoDB DEFAULT CHARSET=utf8mb4 COLLATE=utf8mb4_general_ci;

--
-- Dumping data for table `ads`
--

INSERT INTO `ads` (`id`, `title`, `description`, `image_url`, `link_url`, `button_text`, `background_color`, `text_color`, `start_date`, `end_date`, `is_active`, `display_order`, `impressions`, `clicks`, `created_by`, `created_at`, `updated_at`) VALUES
(2, 'Muhire', 'Hello muhire', '/uploads/products/product-1764756717724-350330246.png', NULL, 'Learn More', '#4F46E5', '#ec2727', '2025-12-03', '2025-12-04', 1, 1, 24, 0, 10, '2025-12-03 10:12:18', '2025-12-03 18:53:40'),
(3, 'Job applicatio', 'Hello this is jobs', '/uploads/products/product-1764756811268-588048059.png', NULL, 'Click here', '#e6d14c', '#31c943', '2025-12-03', '2025-12-04', 1, 3, 22, 0, 10, '2025-12-03 10:13:52', '2025-12-03 18:53:40'),
(4, 'Top design', 'Mufasa design', '/uploads/products/product-1764756920826-113184789.png', 'https://www.turing.com/interview-questions/typescript', 'Learn More', '#4F46E5', '#3e0f0f', '2025-12-03', '2025-12-05', 1, 0, 20, 3, 10, '2025-12-03 10:15:35', '2025-12-03 18:53:40');

-- --------------------------------------------------------

--
-- Table structure for table `ad_performance`
--

CREATE TABLE `ad_performance` (
  `id` int(11) NOT NULL,
  `campaign_id` int(11) DEFAULT NULL,
  `impressions` int(11) DEFAULT 0,
  `clicks` int(11) DEFAULT 0,
  `conversions` int(11) DEFAULT 0,
  `cost_spent` decimal(12,2) DEFAULT 0.00,
  `date` date DEFAULT NULL,
  `created_at` timestamp NOT NULL DEFAULT current_timestamp()
) ENGINE=InnoDB DEFAULT CHARSET=utf8mb4 COLLATE=utf8mb4_general_ci;

--
-- Dumping data for table `ad_performance`
--

INSERT INTO `ad_performance` (`id`, `campaign_id`, `impressions`, `clicks`, `conversions`, `cost_spent`, `date`, `created_at`) VALUES
(1, 1, 12000, 800, 60, 120000.00, '2025-11-25', '2025-11-28 09:30:47'),
(2, 1, 15000, 950, 80, 160000.00, '2025-11-26', '2025-11-28 09:30:47'),
(3, 1, 18000, 1100, 95, 180000.00, '2025-11-27', '2025-11-28 09:30:47'),
(4, 2, 8000, 300, 15, 50000.00, '2025-11-24', '2025-11-28 09:30:47'),
(5, 3, 6000, 450, 40, 40000.00, '2025-11-27', '2025-11-28 09:30:47');

-- --------------------------------------------------------

--
-- Table structure for table `ai_predictions`
--

CREATE TABLE `ai_predictions` (
  `id` int(11) NOT NULL,
  `type` enum('demand','pricing','churn','reorder','segment') DEFAULT NULL,
  `target_id` int(11) DEFAULT NULL,
  `predicted_value` decimal(12,2) DEFAULT NULL,
  `confidence` decimal(5,2) DEFAULT NULL,
  `created_at` timestamp NOT NULL DEFAULT current_timestamp()
) ENGINE=InnoDB DEFAULT CHARSET=utf8mb4 COLLATE=utf8mb4_general_ci;

--
-- Dumping data for table `ai_predictions`
--

INSERT INTO `ai_predictions` (`id`, `type`, `target_id`, `predicted_value`, `confidence`, `created_at`) VALUES
(2, 'reorder', 3, 1500.00, 88.00, '2025-11-28 09:30:47'),
(3, 'pricing', 1, 52000.00, 75.00, '2025-11-28 09:30:47'),
(9, '', 1, 19.00, 0.80, '2025-11-28 09:34:21'),
(10, '', 2, 13.00, 0.80, '2025-11-28 09:34:21'),
(11, '', 3, 13.00, 0.80, '2025-11-28 09:34:21'),
(12, '', 4, 31.00, 0.80, '2025-11-28 09:34:21'),
(13, '', 5, 7.00, 0.80, '2025-11-28 09:34:21'),
(27, '', 1, 34.00, 0.80, '2025-11-28 10:00:00'),
(28, '', 2, 22.00, 0.80, '2025-11-28 10:00:00'),
(29, '', 3, 34.00, 0.80, '2025-11-28 10:00:00'),
(30, '', 4, 8.00, 0.80, '2025-11-28 10:00:00'),
(31, '', 5, 6.00, 0.80, '2025-11-28 10:00:00'),
(45, '', 1, 15.00, 0.80, '2025-11-28 10:06:58'),
(46, '', 2, 18.00, 0.80, '2025-11-28 10:06:58'),
(47, '', 3, 21.00, 0.80, '2025-11-28 10:06:58'),
(48, '', 4, 31.00, 0.80, '2025-11-28 10:06:58'),
(49, '', 5, 28.00, 0.80, '2025-11-28 10:06:58'),
(63, '', 1, 15.00, 0.80, '2025-11-28 10:29:46'),
(64, '', 2, 5.00, 0.80, '2025-11-28 10:29:46'),
(65, '', 3, 5.00, 0.80, '2025-11-28 10:29:46'),
(66, '', 4, 30.00, 0.80, '2025-11-28 10:29:46'),
(67, '', 5, 18.00, 0.80, '2025-11-28 10:29:46'),
(81, '', 1, 10.00, 0.80, '2025-11-28 10:30:23'),
(82, '', 2, 22.00, 0.80, '2025-11-28 10:30:23'),
(83, '', 3, 28.00, 0.80, '2025-11-28 10:30:23'),
(84, '', 4, 14.00, 0.80, '2025-11-28 10:30:23'),
(85, '', 5, 11.00, 0.80, '2025-11-28 10:30:23'),
(99, '', 1, 29.00, 0.80, '2025-11-28 10:31:41'),
(100, '', 2, 21.00, 0.80, '2025-11-28 10:31:41'),
(101, '', 3, 5.00, 0.80, '2025-11-28 10:31:41'),
(102, '', 4, 24.00, 0.80, '2025-11-28 10:31:41'),
(103, '', 5, 34.00, 0.80, '2025-11-28 10:31:41'),
(117, '', 1, 16.00, 0.80, '2025-11-28 10:32:53'),
(118, '', 2, 11.00, 0.80, '2025-11-28 10:32:53'),
(119, '', 3, 8.00, 0.80, '2025-11-28 10:32:53'),
(120, '', 4, 21.00, 0.80, '2025-11-28 10:32:53'),
(121, '', 5, 6.00, 0.80, '2025-11-28 10:32:53'),
(135, '', 1, 13.00, 0.80, '2025-11-28 11:18:22'),
(136, '', 2, 14.00, 0.80, '2025-11-28 11:18:22'),
(137, '', 3, 23.00, 0.80, '2025-11-28 11:18:22'),
(138, '', 4, 24.00, 0.80, '2025-11-28 11:18:22'),
(139, '', 5, 17.00, 0.80, '2025-11-28 11:18:22'),
(155, '', 1, 32.00, 0.80, '2025-11-28 11:19:16'),
(156, '', 2, 21.00, 0.80, '2025-11-28 11:19:16'),
(157, '', 3, 14.00, 0.80, '2025-11-28 11:19:16'),
(158, '', 4, 20.00, 0.80, '2025-11-28 11:19:16'),
(159, '', 5, 26.00, 0.80, '2025-11-28 11:19:16'),
(175, '', 1, 33.00, 0.80, '2025-11-28 11:20:44'),
(176, '', 2, 28.00, 0.80, '2025-11-28 11:20:44'),
(177, '', 3, 29.00, 0.80, '2025-11-28 11:20:44'),
(178, '', 4, 5.00, 0.80, '2025-11-28 11:20:44'),
(179, '', 5, 11.00, 0.80, '2025-11-28 11:20:44'),
(195, '', 1, 14.00, 0.80, '2025-11-28 11:23:50'),
(196, '', 2, 21.00, 0.80, '2025-11-28 11:23:50'),
(197, '', 3, 12.00, 0.80, '2025-11-28 11:23:50'),
(198, '', 4, 24.00, 0.80, '2025-11-28 11:23:50'),
(199, '', 5, 14.00, 0.80, '2025-11-28 11:23:50'),
(215, '', 1, 28.00, 0.80, '2025-11-28 11:23:59'),
(216, '', 2, 30.00, 0.80, '2025-11-28 11:23:59'),
(217, '', 3, 20.00, 0.80, '2025-11-28 11:23:59'),
(218, '', 4, 16.00, 0.80, '2025-11-28 11:23:59'),
(219, '', 5, 21.00, 0.80, '2025-11-28 11:23:59'),
(235, '', 1, 29.00, 0.80, '2025-11-28 11:42:31'),
(236, '', 2, 13.00, 0.80, '2025-11-28 11:42:31'),
(237, '', 3, 21.00, 0.80, '2025-11-28 11:42:31'),
(238, '', 4, 7.00, 0.80, '2025-11-28 11:42:31'),
(239, '', 5, 26.00, 0.80, '2025-11-28 11:42:31'),
(255, '', 1, 8.00, 0.80, '2025-11-28 11:50:10'),
(256, '', 2, 9.00, 0.80, '2025-11-28 11:50:10'),
(257, '', 3, 26.00, 0.80, '2025-11-28 11:50:10'),
(258, '', 4, 25.00, 0.80, '2025-11-28 11:50:10'),
(259, '', 5, 15.00, 0.80, '2025-11-28 11:50:10'),
(275, '', 1, 32.00, 0.80, '2025-11-28 12:01:12'),
(276, '', 2, 34.00, 0.80, '2025-11-28 12:01:12'),
(277, '', 3, 10.00, 0.80, '2025-11-28 12:01:12'),
(278, '', 4, 5.00, 0.80, '2025-11-28 12:01:12'),
(279, '', 5, 25.00, 0.80, '2025-11-28 12:01:12'),
(295, '', 1, 17.00, 0.80, '2025-11-28 12:01:42'),
(296, '', 2, 34.00, 0.80, '2025-11-28 12:01:42'),
(297, '', 3, 9.00, 0.80, '2025-11-28 12:01:42'),
(298, '', 4, 10.00, 0.80, '2025-11-28 12:01:42'),
(299, '', 5, 32.00, 0.80, '2025-11-28 12:01:42'),
(315, '', 1, 22.00, 0.80, '2025-11-28 12:04:35'),
(316, '', 2, 22.00, 0.80, '2025-11-28 12:04:35'),
(317, '', 3, 12.00, 0.80, '2025-11-28 12:04:35'),
(318, '', 4, 23.00, 0.80, '2025-11-28 12:04:35'),
(319, '', 5, 6.00, 0.80, '2025-11-28 12:04:35'),
(335, '', 1, 20.00, 0.80, '2025-11-28 12:06:01'),
(336, '', 2, 21.00, 0.80, '2025-11-28 12:06:01'),
(337, '', 3, 31.00, 0.80, '2025-11-28 12:06:01'),
(338, '', 4, 9.00, 0.80, '2025-11-28 12:06:01'),
(339, '', 5, 15.00, 0.80, '2025-11-28 12:06:01'),
(355, '', 1, 28.00, 0.80, '2025-11-28 12:10:34'),
(356, '', 2, 30.00, 0.80, '2025-11-28 12:10:34'),
(357, '', 3, 30.00, 0.80, '2025-11-28 12:10:34'),
(358, '', 4, 12.00, 0.80, '2025-11-28 12:10:34'),
(359, '', 5, 18.00, 0.80, '2025-11-28 12:10:34'),
(375, '', 1, 5.00, 0.80, '2025-11-28 12:13:54'),
(376, '', 2, 21.00, 0.80, '2025-11-28 12:13:54'),
(377, '', 3, 11.00, 0.80, '2025-11-28 12:13:54'),
(378, '', 4, 21.00, 0.80, '2025-11-28 12:13:54'),
(379, '', 5, 7.00, 0.80, '2025-11-28 12:13:54'),
(395, '', 1, 24.00, 0.80, '2025-11-28 12:17:13'),
(396, '', 2, 6.00, 0.80, '2025-11-28 12:17:13'),
(397, '', 3, 9.00, 0.80, '2025-11-28 12:17:13'),
(398, '', 4, 24.00, 0.80, '2025-11-28 12:17:13'),
(399, '', 5, 34.00, 0.80, '2025-11-28 12:17:13'),
(415, '', 1, 5.00, 0.80, '2025-11-28 12:17:54'),
(416, '', 2, 6.00, 0.80, '2025-11-28 12:17:54'),
(417, '', 3, 19.00, 0.80, '2025-11-28 12:17:54'),
(418, '', 4, 9.00, 0.80, '2025-11-28 12:17:54'),
(419, '', 5, 5.00, 0.80, '2025-11-28 12:17:54'),
(435, '', 1, 18.00, 0.80, '2025-11-28 12:20:16'),
(436, '', 2, 22.00, 0.80, '2025-11-28 12:20:16'),
(437, '', 3, 15.00, 0.80, '2025-11-28 12:20:16'),
(438, '', 4, 20.00, 0.80, '2025-11-28 12:20:16'),
(439, '', 5, 19.00, 0.80, '2025-11-28 12:20:16'),
(455, '', 1, 25.00, 0.80, '2025-11-28 12:26:51'),
(456, '', 2, 8.00, 0.80, '2025-11-28 12:26:51'),
(457, '', 3, 9.00, 0.80, '2025-11-28 12:26:51'),
(458, '', 4, 10.00, 0.80, '2025-11-28 12:26:51'),
(459, '', 5, 17.00, 0.80, '2025-11-28 12:26:51'),
(475, '', 1, 34.00, 0.80, '2025-11-28 12:31:08'),
(476, '', 2, 25.00, 0.80, '2025-11-28 12:31:08'),
(477, '', 3, 14.00, 0.80, '2025-11-28 12:31:08'),
(478, '', 4, 6.00, 0.80, '2025-11-28 12:31:08'),
(479, '', 5, 12.00, 0.80, '2025-11-28 12:31:08'),
(495, '', 1, 11.00, 0.80, '2025-11-28 12:31:33'),
(496, '', 2, 30.00, 0.80, '2025-11-28 12:31:33'),
(497, '', 3, 24.00, 0.80, '2025-11-28 12:31:33'),
(498, '', 4, 20.00, 0.80, '2025-11-28 12:31:33'),
(499, '', 5, 32.00, 0.80, '2025-11-28 12:31:33'),
(515, '', 1, 23.00, 0.80, '2025-11-28 12:31:46'),
(516, '', 2, 20.00, 0.80, '2025-11-28 12:31:46'),
(517, '', 3, 17.00, 0.80, '2025-11-28 12:31:46'),
(518, '', 4, 6.00, 0.80, '2025-11-28 12:31:46'),
(519, '', 5, 23.00, 0.80, '2025-11-28 12:31:46'),
(535, '', 1, 8.00, 0.80, '2025-11-28 12:34:15'),
(536, '', 2, 19.00, 0.80, '2025-11-28 12:34:15'),
(537, '', 3, 25.00, 0.80, '2025-11-28 12:34:15'),
(538, '', 4, 14.00, 0.80, '2025-11-28 12:34:15'),
(539, '', 5, 19.00, 0.80, '2025-11-28 12:34:15'),
(555, '', 1, 24.00, 0.80, '2025-11-28 13:14:18'),
(556, '', 2, 9.00, 0.80, '2025-11-28 13:14:18'),
(557, '', 3, 17.00, 0.80, '2025-11-28 13:14:18'),
(558, '', 4, 31.00, 0.80, '2025-11-28 13:14:18'),
(559, '', 5, 32.00, 0.80, '2025-11-28 13:14:18'),
(575, '', 1, 28.00, 0.80, '2025-11-28 13:36:15'),
(576, '', 2, 32.00, 0.80, '2025-11-28 13:36:15'),
(577, '', 3, 6.00, 0.80, '2025-11-28 13:36:15'),
(578, '', 4, 8.00, 0.80, '2025-11-28 13:36:15'),
(579, '', 5, 22.00, 0.80, '2025-11-28 13:36:15'),
(595, '', 1, 5.00, 0.80, '2025-11-28 19:05:10'),
(596, '', 2, 6.00, 0.80, '2025-11-28 19:05:10'),
(597, '', 3, 9.00, 0.80, '2025-11-28 19:05:10'),
(598, '', 4, 31.00, 0.80, '2025-11-28 19:05:10'),
(599, '', 5, 7.00, 0.80, '2025-11-28 19:05:10'),
(615, '', 1, 33.00, 0.80, '2025-11-28 20:41:57'),
(616, '', 2, 18.00, 0.80, '2025-11-28 20:41:57'),
(617, '', 3, 13.00, 0.80, '2025-11-28 20:41:57'),
(618, '', 4, 21.00, 0.80, '2025-11-28 20:41:57'),
(619, '', 5, 14.00, 0.80, '2025-11-28 20:41:57'),
(635, '', 1, 9.00, 0.80, '2025-11-28 22:00:00'),
(636, '', 2, 5.00, 0.80, '2025-11-28 22:00:00'),
(637, '', 3, 33.00, 0.80, '2025-11-28 22:00:00'),
(638, '', 4, 23.00, 0.80, '2025-11-28 22:00:00'),
(639, '', 5, 20.00, 0.80, '2025-11-28 22:00:00'),
(655, '', 1, 29.00, 0.80, '2025-11-29 00:22:12'),
(656, '', 2, 31.00, 0.80, '2025-11-29 00:22:12'),
(657, '', 3, 22.00, 0.80, '2025-11-29 00:22:12'),
(658, '', 4, 10.00, 0.80, '2025-11-29 00:22:12'),
(659, '', 5, 26.00, 0.80, '2025-11-29 00:22:12'),
(675, '', 1, 14.00, 0.80, '2025-11-29 00:29:29'),
(676, '', 2, 15.00, 0.80, '2025-11-29 00:29:29'),
(677, '', 3, 8.00, 0.80, '2025-11-29 00:29:29'),
(678, '', 4, 10.00, 0.80, '2025-11-29 00:29:29'),
(679, '', 5, 17.00, 0.80, '2025-11-29 00:29:29'),
(695, '', 1, 30.00, 0.80, '2025-11-29 00:58:50'),
(696, '', 2, 10.00, 0.80, '2025-11-29 00:58:50'),
(697, '', 3, 6.00, 0.80, '2025-11-29 00:58:50'),
(698, '', 4, 25.00, 0.80, '2025-11-29 00:58:50'),
(699, '', 5, 6.00, 0.80, '2025-11-29 00:58:50'),
(715, '', 1, 29.00, 0.80, '2025-11-29 01:00:51'),
(716, '', 2, 10.00, 0.80, '2025-11-29 01:00:51'),
(717, '', 3, 15.00, 0.80, '2025-11-29 01:00:51'),
(718, '', 4, 6.00, 0.80, '2025-11-29 01:00:51'),
(719, '', 5, 29.00, 0.80, '2025-11-29 01:00:51'),
(735, '', 1, 14.00, 0.80, '2025-11-29 01:22:18'),
(736, '', 2, 17.00, 0.80, '2025-11-29 01:22:18'),
(737, '', 3, 25.00, 0.80, '2025-11-29 01:22:18'),
(738, '', 4, 28.00, 0.80, '2025-11-29 01:22:18'),
(739, '', 5, 27.00, 0.80, '2025-11-29 01:22:18'),
(755, '', 1, 12.00, 0.80, '2025-11-29 01:25:17'),
(756, '', 2, 12.00, 0.80, '2025-11-29 01:25:17'),
(757, '', 3, 28.00, 0.80, '2025-11-29 01:25:17'),
(758, '', 4, 21.00, 0.80, '2025-11-29 01:25:17'),
(759, '', 5, 32.00, 0.80, '2025-11-29 01:25:17'),
(775, '', 1, 18.00, 0.80, '2025-11-29 01:26:19'),
(776, '', 2, 34.00, 0.80, '2025-11-29 01:26:19'),
(777, '', 3, 5.00, 0.80, '2025-11-29 01:26:19'),
(778, '', 4, 17.00, 0.80, '2025-11-29 01:26:19'),
(779, '', 5, 19.00, 0.80, '2025-11-29 01:26:19'),
(795, '', 1, 15.00, 0.80, '2025-11-29 01:27:42'),
(796, '', 2, 33.00, 0.80, '2025-11-29 01:27:42'),
(797, '', 3, 16.00, 0.80, '2025-11-29 01:27:42'),
(798, '', 4, 18.00, 0.80, '2025-11-29 01:27:42'),
(799, '', 5, 9.00, 0.80, '2025-11-29 01:27:42'),
(815, '', 1, 27.00, 0.80, '2025-11-29 01:28:52'),
(816, '', 2, 11.00, 0.80, '2025-11-29 01:28:52'),
(817, '', 3, 24.00, 0.80, '2025-11-29 01:28:52'),
(818, '', 4, 15.00, 0.80, '2025-11-29 01:28:52'),
(819, '', 5, 26.00, 0.80, '2025-11-29 01:28:52'),
(835, '', 1, 30.00, 0.80, '2025-11-29 01:29:38'),
(836, '', 2, 6.00, 0.80, '2025-11-29 01:29:38'),
(837, '', 3, 18.00, 0.80, '2025-11-29 01:29:38'),
(838, '', 4, 21.00, 0.80, '2025-11-29 01:29:38'),
(839, '', 5, 28.00, 0.80, '2025-11-29 01:29:38'),
(855, '', 1, 19.00, 0.80, '2025-11-29 01:30:16'),
(856, '', 2, 34.00, 0.80, '2025-11-29 01:30:16'),
(857, '', 3, 33.00, 0.80, '2025-11-29 01:30:16'),
(858, '', 4, 30.00, 0.80, '2025-11-29 01:30:16'),
(859, '', 5, 7.00, 0.80, '2025-11-29 01:30:16'),
(875, '', 1, 30.00, 0.80, '2025-11-29 01:30:25'),
(876, '', 2, 13.00, 0.80, '2025-11-29 01:30:25'),
(877, '', 3, 18.00, 0.80, '2025-11-29 01:30:25'),
(878, '', 4, 22.00, 0.80, '2025-11-29 01:30:25'),
(879, '', 5, 12.00, 0.80, '2025-11-29 01:30:25'),
(895, '', 1, 15.00, 0.80, '2025-11-29 01:31:25'),
(896, '', 2, 25.00, 0.80, '2025-11-29 01:31:25'),
(897, '', 3, 10.00, 0.80, '2025-11-29 01:31:25'),
(898, '', 4, 19.00, 0.80, '2025-11-29 01:31:25'),
(899, '', 5, 22.00, 0.80, '2025-11-29 01:31:25'),
(915, '', 1, 5.00, 0.80, '2025-11-29 01:34:23'),
(916, '', 2, 13.00, 0.80, '2025-11-29 01:34:23'),
(917, '', 3, 15.00, 0.80, '2025-11-29 01:34:23'),
(918, '', 4, 5.00, 0.80, '2025-11-29 01:34:23'),
(919, '', 5, 10.00, 0.80, '2025-11-29 01:34:23'),
(935, '', 1, 19.00, 0.80, '2025-11-29 01:38:43'),
(936, '', 2, 20.00, 0.80, '2025-11-29 01:38:43'),
(937, '', 3, 29.00, 0.80, '2025-11-29 01:38:43'),
(938, '', 4, 33.00, 0.80, '2025-11-29 01:38:43'),
(939, '', 5, 16.00, 0.80, '2025-11-29 01:38:43'),
(955, '', 1, 10.00, 0.80, '2025-11-29 01:40:16'),
(956, '', 2, 10.00, 0.80, '2025-11-29 01:40:16'),
(957, '', 3, 28.00, 0.80, '2025-11-29 01:40:16'),
(958, '', 4, 23.00, 0.80, '2025-11-29 01:40:16'),
(959, '', 5, 27.00, 0.80, '2025-11-29 01:40:16'),
(975, '', 1, 13.00, 0.80, '2025-11-29 01:42:15'),
(976, '', 2, 30.00, 0.80, '2025-11-29 01:42:15'),
(977, '', 3, 14.00, 0.80, '2025-11-29 01:42:15'),
(978, '', 4, 19.00, 0.80, '2025-11-29 01:42:15'),
(979, '', 5, 33.00, 0.80, '2025-11-29 01:42:15'),
(995, '', 1, 5.00, 0.80, '2025-11-29 01:51:41'),
(996, '', 2, 26.00, 0.80, '2025-11-29 01:51:41'),
(997, '', 3, 20.00, 0.80, '2025-11-29 01:51:41'),
(998, '', 4, 28.00, 0.80, '2025-11-29 01:51:41'),
(999, '', 5, 25.00, 0.80, '2025-11-29 01:51:41'),
(1015, '', 1, 13.00, 0.80, '2025-11-29 01:58:09'),
(1016, '', 2, 26.00, 0.80, '2025-11-29 01:58:09'),
(1017, '', 3, 19.00, 0.80, '2025-11-29 01:58:09'),
(1018, '', 4, 19.00, 0.80, '2025-11-29 01:58:09'),
(1019, '', 5, 32.00, 0.80, '2025-11-29 01:58:09'),
(1035, '', 1, 15.00, 0.80, '2025-11-29 02:27:25'),
(1036, '', 2, 21.00, 0.80, '2025-11-29 02:27:25'),
(1037, '', 3, 11.00, 0.80, '2025-11-29 02:27:25'),
(1038, '', 4, 8.00, 0.80, '2025-11-29 02:27:25'),
(1039, '', 5, 23.00, 0.80, '2025-11-29 02:27:25'),
(1055, '', 1, 25.00, 0.80, '2025-11-29 03:13:36'),
(1056, '', 2, 8.00, 0.80, '2025-11-29 03:13:36'),
(1057, '', 3, 25.00, 0.80, '2025-11-29 03:13:36'),
(1058, '', 4, 22.00, 0.80, '2025-11-29 03:13:36'),
(1059, '', 5, 20.00, 0.80, '2025-11-29 03:13:36'),
(1074, '', 1, 12.00, 0.80, '2025-11-29 04:00:00'),
(1075, '', 2, 11.00, 0.80, '2025-11-29 04:00:00'),
(1076, '', 3, 11.00, 0.80, '2025-11-29 04:00:00'),
(1077, '', 4, 14.00, 0.80, '2025-11-29 04:00:00'),
(1092, '', 1, 33.00, 0.80, '2025-11-30 07:51:55'),
(1093, '', 2, 15.00, 0.80, '2025-11-30 07:51:55'),
(1094, '', 3, 11.00, 0.80, '2025-11-30 07:51:55'),
(1095, '', 4, 6.00, 0.80, '2025-11-30 07:51:55'),
(1110, '', 1, 5.00, 0.80, '2025-11-30 08:05:25'),
(1111, '', 2, 9.00, 0.80, '2025-11-30 08:05:25'),
(1112, '', 3, 20.00, 0.80, '2025-11-30 08:05:25'),
(1113, '', 4, 30.00, 0.80, '2025-11-30 08:05:25'),
(1128, '', 1, 33.00, 0.80, '2025-11-30 10:00:01'),
(1129, '', 2, 19.00, 0.80, '2025-11-30 10:00:01'),
(1130, '', 3, 23.00, 0.80, '2025-11-30 10:00:01'),
(1131, '', 4, 6.00, 0.80, '2025-11-30 10:00:01'),
(1146, '', 1, 6.00, 0.80, '2025-11-30 10:03:44'),
(1147, '', 2, 16.00, 0.80, '2025-11-30 10:03:44'),
(1148, '', 3, 29.00, 0.80, '2025-11-30 10:03:44'),
(1149, '', 4, 21.00, 0.80, '2025-11-30 10:03:44'),
(1164, '', 1, 13.00, 0.80, '2025-11-30 10:08:08'),
(1165, '', 2, 29.00, 0.80, '2025-11-30 10:08:08'),
(1166, '', 3, 7.00, 0.80, '2025-11-30 10:08:08'),
(1167, '', 4, 17.00, 0.80, '2025-11-30 10:08:08'),
(1182, '', 1, 34.00, 0.80, '2025-11-30 10:08:52'),
(1183, '', 2, 16.00, 0.80, '2025-11-30 10:08:52'),
(1184, '', 3, 22.00, 0.80, '2025-11-30 10:08:52'),
(1185, '', 4, 33.00, 0.80, '2025-11-30 10:08:52'),
(1200, '', 1, 21.00, 0.80, '2025-11-30 10:11:49'),
(1201, '', 2, 28.00, 0.80, '2025-11-30 10:11:49'),
(1202, '', 3, 19.00, 0.80, '2025-11-30 10:11:49'),
(1203, '', 4, 34.00, 0.80, '2025-11-30 10:11:49'),
(1218, '', 1, 11.00, 0.80, '2025-11-30 10:13:07'),
(1219, '', 2, 29.00, 0.80, '2025-11-30 10:13:07'),
(1220, '', 3, 14.00, 0.80, '2025-11-30 10:13:07'),
(1221, '', 4, 6.00, 0.80, '2025-11-30 10:13:07'),
(1236, '', 1, 18.00, 0.80, '2025-11-30 10:23:51'),
(1237, '', 2, 8.00, 0.80, '2025-11-30 10:23:51'),
(1238, '', 3, 13.00, 0.80, '2025-11-30 10:23:51'),
(1239, '', 4, 27.00, 0.80, '2025-11-30 10:23:51'),
(1256, '', 1, 8.00, 0.80, '2025-11-30 10:27:42'),
(1257, '', 2, 18.00, 0.80, '2025-11-30 10:27:42'),
(1258, '', 3, 12.00, 0.80, '2025-11-30 10:27:42'),
(1259, '', 4, 14.00, 0.80, '2025-11-30 10:27:42'),
(1277, '', 1, 10.00, 0.80, '2025-11-30 11:23:23'),
(1278, '', 2, 30.00, 0.80, '2025-11-30 11:23:23'),
(1279, '', 3, 34.00, 0.80, '2025-11-30 11:23:23'),
(1280, '', 4, 31.00, 0.80, '2025-11-30 11:23:23'),
(1300, '', 1, 8.00, 0.80, '2025-11-30 11:27:07'),
(1301, '', 2, 22.00, 0.80, '2025-11-30 11:27:07'),
(1302, '', 3, 14.00, 0.80, '2025-11-30 11:27:07'),
(1303, '', 4, 26.00, 0.80, '2025-11-30 11:27:07'),
(1323, '', 1, 24.00, 0.80, '2025-11-30 11:28:54'),
(1324, '', 2, 13.00, 0.80, '2025-11-30 11:28:54'),
(1325, '', 3, 23.00, 0.80, '2025-11-30 11:28:54'),
(1326, '', 4, 31.00, 0.80, '2025-11-30 11:28:54'),
(1346, '', 1, 26.00, 0.80, '2025-11-30 11:29:38'),
(1347, '', 2, 13.00, 0.80, '2025-11-30 11:29:38'),
(1348, '', 3, 7.00, 0.80, '2025-11-30 11:29:38'),
(1349, '', 4, 32.00, 0.80, '2025-11-30 11:29:38'),
(1369, '', 1, 17.00, 0.80, '2025-11-30 11:36:23'),
(1370, '', 2, 5.00, 0.80, '2025-11-30 11:36:23'),
(1371, '', 3, 19.00, 0.80, '2025-11-30 11:36:23'),
(1372, '', 4, 21.00, 0.80, '2025-11-30 11:36:23'),
(1392, '', 1, 9.00, 0.80, '2025-11-30 11:42:01'),
(1393, '', 2, 30.00, 0.80, '2025-11-30 11:42:01'),
(1394, '', 3, 23.00, 0.80, '2025-11-30 11:42:01'),
(1395, '', 4, 33.00, 0.80, '2025-11-30 11:42:01'),
(1415, '', 1, 13.00, 0.80, '2025-11-30 11:43:37'),
(1416, '', 2, 26.00, 0.80, '2025-11-30 11:43:37'),
(1417, '', 3, 7.00, 0.80, '2025-11-30 11:43:37'),
(1418, '', 4, 19.00, 0.80, '2025-11-30 11:43:37'),
(1438, '', 1, 18.00, 0.80, '2025-11-30 11:43:59'),
(1439, '', 2, 18.00, 0.80, '2025-11-30 11:43:59'),
(1440, '', 3, 29.00, 0.80, '2025-11-30 11:43:59'),
(1441, '', 4, 29.00, 0.80, '2025-11-30 11:43:59'),
(1461, '', 1, 27.00, 0.80, '2025-11-30 11:54:53'),
(1462, '', 2, 27.00, 0.80, '2025-11-30 11:54:53'),
(1463, '', 3, 16.00, 0.80, '2025-11-30 11:54:53'),
(1464, '', 4, 28.00, 0.80, '2025-11-30 11:54:53'),
(1484, '', 1, 6.00, 0.80, '2025-11-30 11:59:13'),
(1485, '', 2, 26.00, 0.80, '2025-11-30 11:59:13'),
(1486, '', 3, 31.00, 0.80, '2025-11-30 11:59:13'),
(1487, '', 4, 32.00, 0.80, '2025-11-30 11:59:13'),
(1507, '', 1, 15.00, 0.80, '2025-11-30 12:03:05'),
(1508, '', 2, 17.00, 0.80, '2025-11-30 12:03:05'),
(1509, '', 3, 24.00, 0.80, '2025-11-30 12:03:05'),
(1510, '', 4, 12.00, 0.80, '2025-11-30 12:03:05'),
(1530, '', 1, 16.00, 0.80, '2025-11-30 12:11:04'),
(1531, '', 2, 18.00, 0.80, '2025-11-30 12:11:04'),
(1532, '', 3, 15.00, 0.80, '2025-11-30 12:11:04'),
(1533, '', 4, 33.00, 0.80, '2025-11-30 12:11:04'),
(1553, '', 1, 30.00, 0.80, '2025-11-30 12:13:50'),
(1554, '', 2, 14.00, 0.80, '2025-11-30 12:13:50'),
(1555, '', 3, 22.00, 0.80, '2025-11-30 12:13:50'),
(1556, '', 4, 19.00, 0.80, '2025-11-30 12:13:50'),
(1576, '', 1, 6.00, 0.80, '2025-11-30 12:15:31'),
(1577, '', 2, 15.00, 0.80, '2025-11-30 12:15:31'),
(1578, '', 3, 8.00, 0.80, '2025-11-30 12:15:31'),
(1579, '', 4, 18.00, 0.80, '2025-11-30 12:15:31'),
(1599, '', 1, 20.00, 0.80, '2025-11-30 12:37:37'),
(1600, '', 2, 11.00, 0.80, '2025-11-30 12:37:37'),
(1601, '', 3, 31.00, 0.80, '2025-11-30 12:37:37'),
(1602, '', 4, 6.00, 0.80, '2025-11-30 12:37:37'),
(1622, '', 1, 34.00, 0.80, '2025-11-30 12:39:40'),
(1623, '', 2, 28.00, 0.80, '2025-11-30 12:39:40'),
(1624, '', 3, 13.00, 0.80, '2025-11-30 12:39:40'),
(1625, '', 4, 25.00, 0.80, '2025-11-30 12:39:40'),
(1645, '', 1, 14.00, 0.80, '2025-11-30 12:40:02'),
(1646, '', 2, 9.00, 0.80, '2025-11-30 12:40:02'),
(1647, '', 3, 30.00, 0.80, '2025-11-30 12:40:02'),
(1648, '', 4, 32.00, 0.80, '2025-11-30 12:40:02'),
(1668, '', 1, 21.00, 0.80, '2025-11-30 12:40:27'),
(1669, '', 2, 7.00, 0.80, '2025-11-30 12:40:27'),
(1670, '', 3, 20.00, 0.80, '2025-11-30 12:40:27'),
(1671, '', 4, 8.00, 0.80, '2025-11-30 12:40:27'),
(1691, '', 1, 9.00, 0.80, '2025-11-30 12:45:00'),
(1692, '', 2, 30.00, 0.80, '2025-11-30 12:45:00'),
(1693, '', 3, 16.00, 0.80, '2025-11-30 12:45:00'),
(1694, '', 4, 28.00, 0.80, '2025-11-30 12:45:00'),
(1716, '', 1, 18.00, 0.80, '2025-11-30 12:45:22'),
(1717, '', 2, 14.00, 0.80, '2025-11-30 12:45:22'),
(1718, '', 3, 5.00, 0.80, '2025-11-30 12:45:22'),
(1719, '', 4, 34.00, 0.80, '2025-11-30 12:45:22'),
(1741, '', 1, 10.00, 0.80, '2025-11-30 12:45:35'),
(1742, '', 2, 13.00, 0.80, '2025-11-30 12:45:35'),
(1743, '', 3, 10.00, 0.80, '2025-11-30 12:45:35'),
(1744, '', 4, 24.00, 0.80, '2025-11-30 12:45:35'),
(1766, '', 1, 13.00, 0.80, '2025-11-30 12:54:15'),
(1767, '', 2, 9.00, 0.80, '2025-11-30 12:54:15'),
(1768, '', 3, 28.00, 0.80, '2025-11-30 12:54:15'),
(1769, '', 4, 7.00, 0.80, '2025-11-30 12:54:15'),
(1791, '', 1, 16.00, 0.80, '2025-11-30 12:55:04'),
(1792, '', 2, 30.00, 0.80, '2025-11-30 12:55:04'),
(1793, '', 3, 21.00, 0.80, '2025-11-30 12:55:04'),
(1794, '', 4, 25.00, 0.80, '2025-11-30 12:55:04'),
(1816, '', 1, 21.00, 0.80, '2025-11-30 13:20:06'),
(1817, '', 2, 17.00, 0.80, '2025-11-30 13:20:06'),
(1818, '', 3, 12.00, 0.80, '2025-11-30 13:20:06'),
(1819, '', 4, 24.00, 0.80, '2025-11-30 13:20:06'),
(1841, '', 1, 6.00, 0.80, '2025-11-30 13:47:20'),
(1842, '', 2, 18.00, 0.80, '2025-11-30 13:47:20'),
(1843, '', 3, 12.00, 0.80, '2025-11-30 13:47:20'),
(1844, '', 4, 12.00, 0.80, '2025-11-30 13:47:20'),
(1866, '', 1, 22.00, 0.80, '2025-11-30 13:48:49'),
(1867, '', 2, 18.00, 0.80, '2025-11-30 13:48:49'),
(1868, '', 3, 33.00, 0.80, '2025-11-30 13:48:49'),
(1869, '', 4, 25.00, 0.80, '2025-11-30 13:48:49'),
(1891, '', 1, 13.00, 0.80, '2025-11-30 13:50:29'),
(1892, '', 2, 20.00, 0.80, '2025-11-30 13:50:29'),
(1893, '', 3, 11.00, 0.80, '2025-11-30 13:50:29'),
(1894, '', 4, 8.00, 0.80, '2025-11-30 13:50:29'),
(1916, '', 1, 31.00, 0.80, '2025-11-30 13:51:23'),
(1917, '', 2, 20.00, 0.80, '2025-11-30 13:51:23'),
(1918, '', 3, 19.00, 0.80, '2025-11-30 13:51:23'),
(1919, '', 4, 18.00, 0.80, '2025-11-30 13:51:23'),
(1941, '', 1, 31.00, 0.80, '2025-11-30 13:52:06'),
(1942, '', 2, 10.00, 0.80, '2025-11-30 13:52:06'),
(1943, '', 3, 11.00, 0.80, '2025-11-30 13:52:06'),
(1944, '', 4, 31.00, 0.80, '2025-11-30 13:52:06'),
(1966, '', 1, 6.00, 0.80, '2025-11-30 13:53:25'),
(1967, '', 2, 12.00, 0.80, '2025-11-30 13:53:25'),
(1968, '', 3, 13.00, 0.80, '2025-11-30 13:53:25'),
(1969, '', 4, 7.00, 0.80, '2025-11-30 13:53:25'),
(1991, '', 1, 25.00, 0.80, '2025-11-30 13:53:58'),
(1992, '', 2, 5.00, 0.80, '2025-11-30 13:53:58'),
(1993, '', 3, 26.00, 0.80, '2025-11-30 13:53:58'),
(1994, '', 4, 20.00, 0.80, '2025-11-30 13:53:58'),
(2016, '', 1, 9.00, 0.80, '2025-11-30 13:55:59'),
(2017, '', 2, 8.00, 0.80, '2025-11-30 13:55:59'),
(2018, '', 3, 24.00, 0.80, '2025-11-30 13:55:59'),
(2019, '', 4, 6.00, 0.80, '2025-11-30 13:55:59'),
(2041, '', 1, 6.00, 0.80, '2025-11-30 13:58:04'),
(2042, '', 2, 9.00, 0.80, '2025-11-30 13:58:04'),
(2043, '', 3, 30.00, 0.80, '2025-11-30 13:58:04'),
(2044, '', 4, 25.00, 0.80, '2025-11-30 13:58:04'),
(2066, '', 1, 5.00, 0.80, '2025-11-30 13:59:52'),
(2067, '', 2, 20.00, 0.80, '2025-11-30 13:59:52'),
(2068, '', 3, 10.00, 0.80, '2025-11-30 13:59:52'),
(2069, '', 4, 8.00, 0.80, '2025-11-30 13:59:52'),
(2091, '', 1, 8.00, 0.80, '2025-11-30 14:02:46'),
(2092, '', 2, 34.00, 0.80, '2025-11-30 14:02:46'),
(2093, '', 3, 13.00, 0.80, '2025-11-30 14:02:46'),
(2094, '', 4, 19.00, 0.80, '2025-11-30 14:02:46'),
(2116, '', 1, 7.00, 0.80, '2025-11-30 14:06:49'),
(2117, '', 2, 12.00, 0.80, '2025-11-30 14:06:49'),
(2118, '', 3, 6.00, 0.80, '2025-11-30 14:06:49'),
(2119, '', 4, 33.00, 0.80, '2025-11-30 14:06:49'),
(2140, '', 1, 22.00, 0.80, '2025-11-30 14:17:18'),
(2141, '', 2, 24.00, 0.80, '2025-11-30 14:17:18'),
(2142, '', 3, 33.00, 0.80, '2025-11-30 14:17:18'),
(2143, '', 4, 6.00, 0.80, '2025-11-30 14:17:18'),
(2164, '', 1, 14.00, 0.80, '2025-11-30 14:21:22'),
(2165, '', 2, 19.00, 0.80, '2025-11-30 14:21:22'),
(2166, '', 3, 25.00, 0.80, '2025-11-30 14:21:22'),
(2167, '', 4, 12.00, 0.80, '2025-11-30 14:21:22'),
(2188, '', 1, 12.00, 0.80, '2025-11-30 14:25:58'),
(2189, '', 2, 10.00, 0.80, '2025-11-30 14:25:58'),
(2190, '', 3, 22.00, 0.80, '2025-11-30 14:25:58'),
(2191, '', 4, 13.00, 0.80, '2025-11-30 14:25:58'),
(2212, '', 1, 20.00, 0.80, '2025-11-30 14:26:29'),
(2213, '', 2, 31.00, 0.80, '2025-11-30 14:26:29'),
(2214, '', 3, 13.00, 0.80, '2025-11-30 14:26:29'),
(2215, '', 4, 21.00, 0.80, '2025-11-30 14:26:29'),
(2236, '', 1, 25.00, 0.80, '2025-11-30 14:27:54'),
(2237, '', 2, 7.00, 0.80, '2025-11-30 14:27:54'),
(2238, '', 3, 17.00, 0.80, '2025-11-30 14:27:54'),
(2239, '', 4, 5.00, 0.80, '2025-11-30 14:27:54'),
(2260, '', 1, 24.00, 0.80, '2025-11-30 14:29:26'),
(2261, '', 2, 20.00, 0.80, '2025-11-30 14:29:26'),
(2262, '', 3, 7.00, 0.80, '2025-11-30 14:29:26'),
(2263, '', 4, 23.00, 0.80, '2025-11-30 14:29:26'),
(2284, '', 1, 14.00, 0.80, '2025-11-30 16:00:00'),
(2285, '', 2, 21.00, 0.80, '2025-11-30 16:00:00'),
(2286, '', 3, 34.00, 0.80, '2025-11-30 16:00:00'),
(2287, '', 4, 33.00, 0.80, '2025-11-30 16:00:00'),
(2308, '', 1, 11.00, 0.80, '2025-11-30 19:21:24'),
(2309, '', 2, 12.00, 0.80, '2025-11-30 19:21:24'),
(2310, '', 3, 23.00, 0.80, '2025-11-30 19:21:24'),
(2311, '', 4, 9.00, 0.80, '2025-11-30 19:21:24'),
(2332, '', 1, 33.00, 0.80, '2025-11-30 20:38:44'),
(2333, '', 2, 34.00, 0.80, '2025-11-30 20:38:44'),
(2334, '', 3, 6.00, 0.80, '2025-11-30 20:38:44'),
(2335, '', 4, 31.00, 0.80, '2025-11-30 20:38:44'),
(2356, '', 1, 33.00, 0.80, '2025-11-30 20:39:18'),
(2357, '', 2, 16.00, 0.80, '2025-11-30 20:39:18'),
(2358, '', 3, 6.00, 0.80, '2025-11-30 20:39:18'),
(2359, '', 4, 22.00, 0.80, '2025-11-30 20:39:18'),
(2380, '', 1, 11.00, 0.80, '2025-11-30 20:39:30'),
(2381, '', 2, 13.00, 0.80, '2025-11-30 20:39:30'),
(2382, '', 3, 8.00, 0.80, '2025-11-30 20:39:30'),
(2383, '', 4, 11.00, 0.80, '2025-11-30 20:39:30'),
(2404, '', 1, 16.00, 0.80, '2025-11-30 20:40:09'),
(2405, '', 2, 16.00, 0.80, '2025-11-30 20:40:09'),
(2406, '', 3, 13.00, 0.80, '2025-11-30 20:40:09'),
(2407, '', 4, 33.00, 0.80, '2025-11-30 20:40:09'),
(2428, '', 1, 27.00, 0.80, '2025-11-30 20:40:22'),
(2429, '', 2, 20.00, 0.80, '2025-11-30 20:40:22'),
(2430, '', 3, 24.00, 0.80, '2025-11-30 20:40:22'),
(2431, '', 4, 34.00, 0.80, '2025-11-30 20:40:22'),
(2452, '', 1, 5.00, 0.80, '2025-11-30 20:40:36'),
(2453, '', 2, 30.00, 0.80, '2025-11-30 20:40:36'),
(2454, '', 3, 22.00, 0.80, '2025-11-30 20:40:36'),
(2455, '', 4, 33.00, 0.80, '2025-11-30 20:40:36'),
(2476, '', 1, 28.00, 0.80, '2025-11-30 20:40:47'),
(2477, '', 2, 29.00, 0.80, '2025-11-30 20:40:47'),
(2478, '', 3, 33.00, 0.80, '2025-11-30 20:40:47'),
(2479, '', 4, 30.00, 0.80, '2025-11-30 20:40:47'),
(2500, '', 1, 5.00, 0.80, '2025-11-30 20:41:29'),
(2501, '', 2, 20.00, 0.80, '2025-11-30 20:41:29'),
(2502, '', 3, 9.00, 0.80, '2025-11-30 20:41:29'),
(2503, '', 4, 9.00, 0.80, '2025-11-30 20:41:29'),
(2524, '', 1, 26.00, 0.80, '2025-11-30 20:45:35'),
(2525, '', 2, 26.00, 0.80, '2025-11-30 20:45:35'),
(2526, '', 3, 14.00, 0.80, '2025-11-30 20:45:35'),
(2527, '', 4, 6.00, 0.80, '2025-11-30 20:45:35'),
(2548, '', 1, 14.00, 0.80, '2025-11-30 20:46:44'),
(2549, '', 2, 26.00, 0.80, '2025-11-30 20:46:44'),
(2550, '', 3, 32.00, 0.80, '2025-11-30 20:46:44'),
(2551, '', 4, 33.00, 0.80, '2025-11-30 20:46:44'),
(2572, '', 1, 17.00, 0.80, '2025-11-30 20:47:36'),
(2573, '', 2, 13.00, 0.80, '2025-11-30 20:47:36'),
(2574, '', 3, 10.00, 0.80, '2025-11-30 20:47:36'),
(2575, '', 4, 9.00, 0.80, '2025-11-30 20:47:36'),
(2596, '', 1, 28.00, 0.80, '2025-11-30 20:49:35'),
(2597, '', 2, 26.00, 0.80, '2025-11-30 20:49:35'),
(2598, '', 3, 5.00, 0.80, '2025-11-30 20:49:35'),
(2599, '', 4, 25.00, 0.80, '2025-11-30 20:49:35'),
(2620, '', 1, 30.00, 0.80, '2025-11-30 20:51:16'),
(2621, '', 2, 5.00, 0.80, '2025-11-30 20:51:16'),
(2622, '', 3, 23.00, 0.80, '2025-11-30 20:51:16'),
(2623, '', 4, 23.00, 0.80, '2025-11-30 20:51:16'),
(2644, '', 1, 5.00, 0.80, '2025-11-30 21:50:40'),
(2645, '', 2, 9.00, 0.80, '2025-11-30 21:50:40'),
(2646, '', 3, 27.00, 0.80, '2025-11-30 21:50:40'),
(2647, '', 4, 32.00, 0.80, '2025-11-30 21:50:40'),
(2668, '', 1, 15.00, 0.80, '2025-11-30 22:00:00'),
(2669, '', 2, 29.00, 0.80, '2025-11-30 22:00:00'),
(2670, '', 3, 26.00, 0.80, '2025-11-30 22:00:00'),
(2671, '', 4, 15.00, 0.80, '2025-11-30 22:00:00'),
(2692, '', 1, 13.00, 0.80, '2025-11-30 22:03:07'),
(2693, '', 2, 31.00, 0.80, '2025-11-30 22:03:07'),
(2694, '', 3, 17.00, 0.80, '2025-11-30 22:03:07'),
(2695, '', 4, 15.00, 0.80, '2025-11-30 22:03:07'),
(2716, '', 1, 8.00, 0.80, '2025-11-30 22:05:59'),
(2717, '', 2, 12.00, 0.80, '2025-11-30 22:05:59'),
(2718, '', 3, 17.00, 0.80, '2025-11-30 22:05:59'),
(2719, '', 4, 12.00, 0.80, '2025-11-30 22:05:59'),
(2740, '', 1, 21.00, 0.80, '2025-11-30 22:10:30'),
(2741, '', 2, 14.00, 0.80, '2025-11-30 22:10:30'),
(2742, '', 3, 33.00, 0.80, '2025-11-30 22:10:30'),
(2743, '', 4, 9.00, 0.80, '2025-11-30 22:10:30'),
(2764, '', 1, 20.00, 0.80, '2025-11-30 22:10:54'),
(2765, '', 2, 10.00, 0.80, '2025-11-30 22:10:54'),
(2766, '', 3, 18.00, 0.80, '2025-11-30 22:10:54'),
(2767, '', 4, 6.00, 0.80, '2025-11-30 22:10:54'),
(2788, '', 1, 30.00, 0.80, '2025-11-30 22:11:35'),
(2789, '', 2, 33.00, 0.80, '2025-11-30 22:11:35'),
(2790, '', 3, 32.00, 0.80, '2025-11-30 22:11:35'),
(2791, '', 4, 14.00, 0.80, '2025-11-30 22:11:35'),
(2812, '', 1, 7.00, 0.80, '2025-11-30 22:11:55'),
(2813, '', 2, 34.00, 0.80, '2025-11-30 22:11:55'),
(2814, '', 3, 33.00, 0.80, '2025-11-30 22:11:55'),
(2815, '', 4, 17.00, 0.80, '2025-11-30 22:11:55'),
(2836, '', 1, 31.00, 0.80, '2025-11-30 22:16:15'),
(2837, '', 2, 10.00, 0.80, '2025-11-30 22:16:15'),
(2838, '', 3, 26.00, 0.80, '2025-11-30 22:16:15'),
(2839, '', 4, 31.00, 0.80, '2025-11-30 22:16:15'),
(2860, '', 1, 9.00, 0.80, '2025-11-30 22:19:48'),
(2861, '', 2, 7.00, 0.80, '2025-11-30 22:19:48'),
(2862, '', 3, 23.00, 0.80, '2025-11-30 22:19:48'),
(2863, '', 4, 31.00, 0.80, '2025-11-30 22:19:48'),
(2884, '', 1, 7.00, 0.80, '2025-11-30 22:28:40'),
(2885, '', 2, 23.00, 0.80, '2025-11-30 22:28:40'),
(2886, '', 3, 31.00, 0.80, '2025-11-30 22:28:40'),
(2887, '', 4, 17.00, 0.80, '2025-11-30 22:28:40'),
(2908, '', 1, 24.00, 0.80, '2025-11-30 22:29:09'),
(2909, '', 2, 12.00, 0.80, '2025-11-30 22:29:09'),
(2910, '', 3, 12.00, 0.80, '2025-11-30 22:29:09'),
(2911, '', 4, 12.00, 0.80, '2025-11-30 22:29:09'),
(2932, '', 1, 22.00, 0.80, '2025-11-30 22:29:38'),
(2933, '', 2, 22.00, 0.80, '2025-11-30 22:29:38'),
(2934, '', 3, 12.00, 0.80, '2025-11-30 22:29:38'),
(2935, '', 4, 30.00, 0.80, '2025-11-30 22:29:38'),
(2956, '', 1, 14.00, 0.80, '2025-11-30 22:29:53'),
(2957, '', 2, 15.00, 0.80, '2025-11-30 22:29:53'),
(2958, '', 3, 22.00, 0.80, '2025-11-30 22:29:53'),
(2959, '', 4, 30.00, 0.80, '2025-11-30 22:29:53'),
(2980, '', 1, 13.00, 0.80, '2025-11-30 22:30:09'),
(2981, '', 2, 29.00, 0.80, '2025-11-30 22:30:09'),
(2982, '', 3, 20.00, 0.80, '2025-11-30 22:30:09'),
(2983, '', 4, 9.00, 0.80, '2025-11-30 22:30:09'),
(3004, '', 1, 24.00, 0.80, '2025-11-30 22:38:14'),
(3005, '', 2, 5.00, 0.80, '2025-11-30 22:38:14'),
(3006, '', 3, 10.00, 0.80, '2025-11-30 22:38:14'),
(3007, '', 4, 18.00, 0.80, '2025-11-30 22:38:14'),
(3028, '', 1, 32.00, 0.80, '2025-11-30 22:38:27'),
(3029, '', 2, 8.00, 0.80, '2025-11-30 22:38:27'),
(3030, '', 3, 16.00, 0.80, '2025-11-30 22:38:27'),
(3031, '', 4, 17.00, 0.80, '2025-11-30 22:38:27'),
(3052, '', 1, 29.00, 0.80, '2025-11-30 22:45:54'),
(3053, '', 2, 7.00, 0.80, '2025-11-30 22:45:54'),
(3054, '', 3, 7.00, 0.80, '2025-11-30 22:45:54'),
(3055, '', 4, 31.00, 0.80, '2025-11-30 22:45:54'),
(3076, '', 1, 18.00, 0.80, '2025-11-30 22:48:17'),
(3077, '', 2, 10.00, 0.80, '2025-11-30 22:48:17'),
(3078, '', 3, 11.00, 0.80, '2025-11-30 22:48:17'),
(3079, '', 4, 17.00, 0.80, '2025-11-30 22:48:17'),
(3100, '', 1, 15.00, 0.80, '2025-11-30 22:50:01'),
(3101, '', 2, 16.00, 0.80, '2025-11-30 22:50:01'),
(3102, '', 3, 24.00, 0.80, '2025-11-30 22:50:01'),
(3103, '', 4, 28.00, 0.80, '2025-11-30 22:50:01'),
(3124, '', 1, 7.00, 0.80, '2025-11-30 22:51:08'),
(3125, '', 2, 7.00, 0.80, '2025-11-30 22:51:08'),
(3126, '', 3, 32.00, 0.80, '2025-11-30 22:51:08'),
(3127, '', 4, 18.00, 0.80, '2025-11-30 22:51:08'),
(3148, '', 1, 27.00, 0.80, '2025-11-30 23:02:52'),
(3149, '', 2, 27.00, 0.80, '2025-11-30 23:02:52'),
(3150, '', 3, 15.00, 0.80, '2025-11-30 23:02:52'),
(3151, '', 4, 25.00, 0.80, '2025-11-30 23:02:52'),
(3172, '', 1, 5.00, 0.80, '2025-11-30 23:07:23'),
(3173, '', 2, 23.00, 0.80, '2025-11-30 23:07:23'),
(3174, '', 3, 28.00, 0.80, '2025-11-30 23:07:23'),
(3175, '', 4, 20.00, 0.80, '2025-11-30 23:07:23'),
(3196, '', 1, 15.00, 0.80, '2025-11-30 23:09:00'),
(3197, '', 2, 24.00, 0.80, '2025-11-30 23:09:00'),
(3198, '', 3, 33.00, 0.80, '2025-11-30 23:09:00'),
(3199, '', 4, 12.00, 0.80, '2025-11-30 23:09:00'),
(3220, '', 1, 33.00, 0.80, '2025-11-30 23:13:01'),
(3221, '', 2, 33.00, 0.80, '2025-11-30 23:13:01'),
(3222, '', 3, 25.00, 0.80, '2025-11-30 23:13:01'),
(3223, '', 4, 12.00, 0.80, '2025-11-30 23:13:01'),
(3246, '', 1, 5.00, 0.80, '2025-11-30 23:14:32'),
(3247, '', 2, 21.00, 0.80, '2025-11-30 23:14:32'),
(3248, '', 3, 13.00, 0.80, '2025-11-30 23:14:32'),
(3249, '', 4, 16.00, 0.80, '2025-11-30 23:14:32'),
(3272, '', 1, 17.00, 0.80, '2025-11-30 23:15:10'),
(3273, '', 2, 34.00, 0.80, '2025-11-30 23:15:10'),
(3274, '', 3, 29.00, 0.80, '2025-11-30 23:15:10'),
(3275, '', 4, 8.00, 0.80, '2025-11-30 23:15:10'),
(3298, '', 1, 29.00, 0.80, '2025-11-30 23:15:26'),
(3299, '', 2, 28.00, 0.80, '2025-11-30 23:15:26'),
(3300, '', 3, 17.00, 0.80, '2025-11-30 23:15:26'),
(3301, '', 4, 21.00, 0.80, '2025-11-30 23:15:26'),
(3324, '', 1, 25.00, 0.80, '2025-11-30 23:15:55'),
(3325, '', 2, 14.00, 0.80, '2025-11-30 23:15:55'),
(3326, '', 3, 14.00, 0.80, '2025-11-30 23:15:55'),
(3327, '', 4, 11.00, 0.80, '2025-11-30 23:15:55'),
(3350, '', 1, 18.00, 0.80, '2025-11-30 23:18:23'),
(3351, '', 2, 29.00, 0.80, '2025-11-30 23:18:23'),
(3352, '', 3, 9.00, 0.80, '2025-11-30 23:18:23'),
(3353, '', 4, 16.00, 0.80, '2025-11-30 23:18:23'),
(3376, '', 1, 11.00, 0.80, '2025-11-30 23:27:18'),
(3377, '', 2, 33.00, 0.80, '2025-11-30 23:27:18'),
(3378, '', 3, 23.00, 0.80, '2025-11-30 23:27:18'),
(3379, '', 4, 24.00, 0.80, '2025-11-30 23:27:18'),
(3402, '', 1, 23.00, 0.80, '2025-11-30 23:27:27'),
(3403, '', 2, 15.00, 0.80, '2025-11-30 23:27:27'),
(3404, '', 3, 29.00, 0.80, '2025-11-30 23:27:27'),
(3405, '', 4, 19.00, 0.80, '2025-11-30 23:27:27'),
(3428, '', 1, 7.00, 0.80, '2025-11-30 23:40:34'),
(3429, '', 2, 12.00, 0.80, '2025-11-30 23:40:34'),
(3430, '', 3, 24.00, 0.80, '2025-11-30 23:40:34'),
(3431, '', 4, 16.00, 0.80, '2025-11-30 23:40:34'),
(3454, '', 1, 33.00, 0.80, '2025-11-30 23:42:08'),
(3455, '', 2, 15.00, 0.80, '2025-11-30 23:42:08'),
(3456, '', 3, 26.00, 0.80, '2025-11-30 23:42:08'),
(3457, '', 4, 23.00, 0.80, '2025-11-30 23:42:08'),
(3480, '', 1, 10.00, 0.80, '2025-11-30 23:52:49'),
(3481, '', 2, 15.00, 0.80, '2025-11-30 23:52:49'),
(3482, '', 3, 29.00, 0.80, '2025-11-30 23:52:49'),
(3483, '', 4, 7.00, 0.80, '2025-11-30 23:52:49'),
(3506, '', 1, 9.00, 0.80, '2025-11-30 23:54:10'),
(3507, '', 2, 25.00, 0.80, '2025-11-30 23:54:10'),
(3508, '', 3, 26.00, 0.80, '2025-11-30 23:54:10'),
(3509, '', 4, 10.00, 0.80, '2025-11-30 23:54:10'),
(3532, '', 1, 6.00, 0.80, '2025-11-30 23:56:45'),
(3533, '', 2, 7.00, 0.80, '2025-11-30 23:56:45'),
(3534, '', 3, 33.00, 0.80, '2025-11-30 23:56:45'),
(3535, '', 4, 34.00, 0.80, '2025-11-30 23:56:45'),
(3558, '', 1, 18.00, 0.80, '2025-11-30 23:57:36'),
(3559, '', 2, 32.00, 0.80, '2025-11-30 23:57:36'),
(3560, '', 3, 30.00, 0.80, '2025-11-30 23:57:36'),
(3561, '', 4, 26.00, 0.80, '2025-11-30 23:57:36'),
(3584, '', 1, 6.00, 0.80, '2025-11-30 23:58:39'),
(3585, '', 2, 32.00, 0.80, '2025-11-30 23:58:39'),
(3586, '', 3, 13.00, 0.80, '2025-11-30 23:58:39'),
(3587, '', 4, 23.00, 0.80, '2025-11-30 23:58:39'),
(3610, '', 1, 17.00, 0.80, '2025-12-02 07:30:37'),
(3611, '', 2, 31.00, 0.80, '2025-12-02 07:30:37'),
(3612, '', 3, 23.00, 0.80, '2025-12-02 07:30:37'),
(3613, '', 4, 8.00, 0.80, '2025-12-02 07:30:37'),
(3637, '', 1, 16.00, 0.80, '2025-12-02 07:49:19'),
(3638, '', 2, 21.00, 0.80, '2025-12-02 07:49:19'),
(3639, '', 3, 16.00, 0.80, '2025-12-02 07:49:19'),
(3640, '', 4, 8.00, 0.80, '2025-12-02 07:49:19'),
(3664, '', 1, 11.00, 0.80, '2025-12-02 07:53:59'),
(3665, '', 2, 34.00, 0.80, '2025-12-02 07:53:59'),
(3666, '', 3, 6.00, 0.80, '2025-12-02 07:53:59'),
(3667, '', 4, 32.00, 0.80, '2025-12-02 07:53:59'),
(3691, '', 1, 30.00, 0.80, '2025-12-02 08:04:31'),
(3692, '', 2, 17.00, 0.80, '2025-12-02 08:04:31'),
(3693, '', 3, 15.00, 0.80, '2025-12-02 08:04:31'),
(3694, '', 4, 23.00, 0.80, '2025-12-02 08:04:31'),
(3718, '', 1, 13.00, 0.80, '2025-12-02 08:06:11'),
(3719, '', 2, 31.00, 0.80, '2025-12-02 08:06:11'),
(3720, '', 3, 17.00, 0.80, '2025-12-02 08:06:11'),
(3721, '', 4, 12.00, 0.80, '2025-12-02 08:06:11'),
(3745, '', 1, 13.00, 0.80, '2025-12-02 08:15:04'),
(3746, '', 2, 19.00, 0.80, '2025-12-02 08:15:04'),
(3747, '', 3, 33.00, 0.80, '2025-12-02 08:15:04'),
(3748, '', 4, 17.00, 0.80, '2025-12-02 08:15:04'),
(3772, '', 1, 26.00, 0.80, '2025-12-02 08:25:20'),
(3773, '', 2, 28.00, 0.80, '2025-12-02 08:25:20'),
(3774, '', 3, 17.00, 0.80, '2025-12-02 08:25:20'),
(3775, '', 4, 19.00, 0.80, '2025-12-02 08:25:20'),
(3799, '', 1, 28.00, 0.80, '2025-12-02 08:26:23'),
(3800, '', 2, 10.00, 0.80, '2025-12-02 08:26:23'),
(3801, '', 3, 27.00, 0.80, '2025-12-02 08:26:23'),
(3802, '', 4, 15.00, 0.80, '2025-12-02 08:26:23'),
(3826, '', 1, 26.00, 0.80, '2025-12-02 08:27:25'),
(3827, '', 2, 20.00, 0.80, '2025-12-02 08:27:25'),
(3828, '', 3, 32.00, 0.80, '2025-12-02 08:27:25'),
(3829, '', 4, 6.00, 0.80, '2025-12-02 08:27:25'),
(3853, '', 1, 17.00, 0.80, '2025-12-02 08:29:55'),
(3854, '', 2, 34.00, 0.80, '2025-12-02 08:29:55'),
(3855, '', 3, 11.00, 0.80, '2025-12-02 08:29:55'),
(3856, '', 4, 13.00, 0.80, '2025-12-02 08:29:55'),
(3881, '', 1, 18.00, 0.80, '2025-12-02 08:35:23'),
(3882, '', 2, 17.00, 0.80, '2025-12-02 08:35:23'),
(3883, '', 3, 9.00, 0.80, '2025-12-02 08:35:23'),
(3884, '', 4, 20.00, 0.80, '2025-12-02 08:35:23'),
(3885, '', 7, 26.00, 0.80, '2025-12-02 08:35:23'),
(3886, '', 8, 23.00, 0.80, '2025-12-02 08:35:23'),
(3911, '', 1, 26.00, 0.80, '2025-12-02 08:38:48'),
(3912, '', 2, 7.00, 0.80, '2025-12-02 08:38:48'),
(3913, '', 3, 19.00, 0.80, '2025-12-02 08:38:48'),
(3914, '', 4, 27.00, 0.80, '2025-12-02 08:38:48'),
(3915, '', 7, 9.00, 0.80, '2025-12-02 08:38:48'),
(3916, '', 8, 15.00, 0.80, '2025-12-02 08:38:48'),
(3941, '', 1, 5.00, 0.80, '2025-12-02 08:43:26'),
(3942, '', 2, 32.00, 0.80, '2025-12-02 08:43:26'),
(3943, '', 3, 26.00, 0.80, '2025-12-02 08:43:26'),
(3944, '', 4, 27.00, 0.80, '2025-12-02 08:43:26'),
(3945, '', 7, 10.00, 0.80, '2025-12-02 08:43:27'),
(3946, '', 8, 17.00, 0.80, '2025-12-02 08:43:27'),
(3971, '', 1, 32.00, 0.80, '2025-12-02 08:43:40'),
(3972, '', 2, 24.00, 0.80, '2025-12-02 08:43:40'),
(3973, '', 3, 27.00, 0.80, '2025-12-02 08:43:40'),
(3974, '', 4, 19.00, 0.80, '2025-12-02 08:43:40'),
(3975, '', 7, 23.00, 0.80, '2025-12-02 08:43:40'),
(3976, '', 8, 26.00, 0.80, '2025-12-02 08:43:40'),
(4001, '', 1, 27.00, 0.80, '2025-12-02 08:45:34'),
(4002, '', 2, 31.00, 0.80, '2025-12-02 08:45:34'),
(4003, '', 3, 19.00, 0.80, '2025-12-02 08:45:34'),
(4004, '', 4, 13.00, 0.80, '2025-12-02 08:45:34'),
(4005, '', 7, 21.00, 0.80, '2025-12-02 08:45:34'),
(4006, '', 8, 30.00, 0.80, '2025-12-02 08:45:34'),
(4031, '', 1, 32.00, 0.80, '2025-12-02 08:51:53'),
(4032, '', 2, 20.00, 0.80, '2025-12-02 08:51:53'),
(4033, '', 3, 30.00, 0.80, '2025-12-02 08:51:53'),
(4034, '', 4, 18.00, 0.80, '2025-12-02 08:51:53'),
(4035, '', 7, 34.00, 0.80, '2025-12-02 08:51:53'),
(4036, '', 8, 25.00, 0.80, '2025-12-02 08:51:53'),
(4061, '', 1, 29.00, 0.80, '2025-12-02 08:52:07'),
(4062, '', 2, 19.00, 0.80, '2025-12-02 08:52:07'),
(4063, '', 3, 26.00, 0.80, '2025-12-02 08:52:07'),
(4064, '', 4, 27.00, 0.80, '2025-12-02 08:52:07'),
(4065, '', 7, 11.00, 0.80, '2025-12-02 08:52:07'),
(4066, '', 8, 5.00, 0.80, '2025-12-02 08:52:07'),
(4091, '', 1, 7.00, 0.80, '2025-12-02 09:03:45'),
(4092, '', 2, 20.00, 0.80, '2025-12-02 09:03:45'),
(4093, '', 3, 12.00, 0.80, '2025-12-02 09:03:45'),
(4094, '', 4, 34.00, 0.80, '2025-12-02 09:03:45'),
(4095, '', 7, 8.00, 0.80, '2025-12-02 09:03:45'),
(4096, '', 8, 19.00, 0.80, '2025-12-02 09:03:45'),
(4123, '', 1, 23.00, 0.80, '2025-12-02 09:17:33'),
(4124, '', 2, 20.00, 0.80, '2025-12-02 09:17:33'),
(4125, '', 3, 26.00, 0.80, '2025-12-02 09:17:33'),
(4126, '', 4, 21.00, 0.80, '2025-12-02 09:17:33'),
(4127, '', 7, 30.00, 0.80, '2025-12-02 09:17:33'),
(4128, '', 8, 20.00, 0.80, '2025-12-02 09:17:33'),
(4155, '', 1, 8.00, 0.80, '2025-12-02 09:28:15'),
(4156, '', 2, 29.00, 0.80, '2025-12-02 09:28:15'),
(4157, '', 3, 32.00, 0.80, '2025-12-02 09:28:15'),
(4158, '', 4, 9.00, 0.80, '2025-12-02 09:28:15'),
(4159, '', 7, 33.00, 0.80, '2025-12-02 09:28:15'),
(4160, '', 8, 8.00, 0.80, '2025-12-02 09:28:15'),
(4187, '', 1, 6.00, 0.80, '2025-12-02 09:30:34'),
(4188, '', 2, 11.00, 0.80, '2025-12-02 09:30:34'),
(4189, '', 3, 18.00, 0.80, '2025-12-02 09:30:34'),
(4190, '', 4, 20.00, 0.80, '2025-12-02 09:30:34'),
(4191, '', 7, 25.00, 0.80, '2025-12-02 09:30:34'),
(4192, '', 8, 18.00, 0.80, '2025-12-02 09:30:34'),
(4219, '', 1, 30.00, 0.80, '2025-12-02 09:31:08'),
(4220, '', 2, 10.00, 0.80, '2025-12-02 09:31:08'),
(4221, '', 3, 29.00, 0.80, '2025-12-02 09:31:08'),
(4222, '', 4, 22.00, 0.80, '2025-12-02 09:31:08'),
(4223, '', 7, 5.00, 0.80, '2025-12-02 09:31:08'),
(4224, '', 8, 28.00, 0.80, '2025-12-02 09:31:08'),
(4251, '', 1, 27.00, 0.80, '2025-12-02 09:31:32'),
(4252, '', 2, 32.00, 0.80, '2025-12-02 09:31:32'),
(4253, '', 3, 9.00, 0.80, '2025-12-02 09:31:32'),
(4254, '', 4, 18.00, 0.80, '2025-12-02 09:31:32'),
(4255, '', 7, 21.00, 0.80, '2025-12-02 09:31:32'),
(4256, '', 8, 8.00, 0.80, '2025-12-02 09:31:32'),
(4283, '', 1, 25.00, 0.80, '2025-12-02 09:33:19'),
(4284, '', 2, 28.00, 0.80, '2025-12-02 09:33:19'),
(4285, '', 3, 19.00, 0.80, '2025-12-02 09:33:19'),
(4286, '', 4, 32.00, 0.80, '2025-12-02 09:33:19'),
(4287, '', 7, 25.00, 0.80, '2025-12-02 09:33:19'),
(4288, '', 8, 28.00, 0.80, '2025-12-02 09:33:19'),
(4315, '', 1, 11.00, 0.80, '2025-12-02 09:34:22'),
(4316, '', 2, 28.00, 0.80, '2025-12-02 09:34:22'),
(4317, '', 3, 8.00, 0.80, '2025-12-02 09:34:22'),
(4318, '', 4, 23.00, 0.80, '2025-12-02 09:34:22'),
(4319, '', 7, 34.00, 0.80, '2025-12-02 09:34:22'),
(4320, '', 8, 9.00, 0.80, '2025-12-02 09:34:22'),
(4348, '', 1, 6.00, 0.80, '2025-12-02 09:45:43'),
(4349, '', 2, 7.00, 0.80, '2025-12-02 09:45:43'),
(4350, '', 3, 26.00, 0.80, '2025-12-02 09:45:43'),
(4351, '', 4, 19.00, 0.80, '2025-12-02 09:45:43'),
(4352, '', 7, 32.00, 0.80, '2025-12-02 09:45:43'),
(4353, '', 8, 21.00, 0.80, '2025-12-02 09:45:43'),
(4354, '', 9, 12.00, 0.80, '2025-12-02 09:45:43'),
(4382, '', 1, 21.00, 0.80, '2025-12-02 10:00:00'),
(4383, '', 2, 20.00, 0.80, '2025-12-02 10:00:00'),
(4384, '', 3, 29.00, 0.80, '2025-12-02 10:00:00'),
(4385, '', 4, 34.00, 0.80, '2025-12-02 10:00:00'),
(4386, '', 7, 5.00, 0.80, '2025-12-02 10:00:00'),
(4387, '', 8, 6.00, 0.80, '2025-12-02 10:00:00'),
(4388, '', 9, 31.00, 0.80, '2025-12-02 10:00:00'),
(4416, '', 1, 29.00, 0.80, '2025-12-02 10:22:30'),
(4417, '', 2, 23.00, 0.80, '2025-12-02 10:22:30'),
(4418, '', 3, 26.00, 0.80, '2025-12-02 10:22:30'),
(4419, '', 4, 8.00, 0.80, '2025-12-02 10:22:30'),
(4420, '', 7, 29.00, 0.80, '2025-12-02 10:22:30'),
(4421, '', 8, 11.00, 0.80, '2025-12-02 10:22:30'),
(4422, '', 9, 8.00, 0.80, '2025-12-02 10:22:30'),
(4450, '', 1, 12.00, 0.80, '2025-12-02 10:23:18'),
(4451, '', 2, 26.00, 0.80, '2025-12-02 10:23:19'),
(4452, '', 3, 15.00, 0.80, '2025-12-02 10:23:19'),
(4453, '', 4, 34.00, 0.80, '2025-12-02 10:23:19'),
(4454, '', 7, 17.00, 0.80, '2025-12-02 10:23:19'),
(4455, '', 8, 11.00, 0.80, '2025-12-02 10:23:19'),
(4456, '', 9, 21.00, 0.80, '2025-12-02 10:23:19'),
(4484, '', 1, 24.00, 0.80, '2025-12-02 10:24:04'),
(4485, '', 2, 17.00, 0.80, '2025-12-02 10:24:04'),
(4486, '', 3, 31.00, 0.80, '2025-12-02 10:24:04'),
(4487, '', 4, 34.00, 0.80, '2025-12-02 10:24:04'),
(4488, '', 7, 17.00, 0.80, '2025-12-02 10:24:04'),
(4489, '', 8, 26.00, 0.80, '2025-12-02 10:24:04'),
(4490, '', 9, 13.00, 0.80, '2025-12-02 10:24:04'),
(4518, '', 1, 12.00, 0.80, '2025-12-02 10:33:42'),
(4519, '', 2, 26.00, 0.80, '2025-12-02 10:33:42'),
(4520, '', 3, 12.00, 0.80, '2025-12-02 10:33:42'),
(4521, '', 4, 22.00, 0.80, '2025-12-02 10:33:42'),
(4522, '', 7, 21.00, 0.80, '2025-12-02 10:33:42'),
(4523, '', 8, 31.00, 0.80, '2025-12-02 10:33:42'),
(4524, '', 9, 8.00, 0.80, '2025-12-02 10:33:42'),
(4552, '', 1, 30.00, 0.80, '2025-12-02 10:34:44'),
(4553, '', 2, 15.00, 0.80, '2025-12-02 10:34:44'),
(4554, '', 3, 19.00, 0.80, '2025-12-02 10:34:44'),
(4555, '', 4, 15.00, 0.80, '2025-12-02 10:34:44'),
(4556, '', 7, 16.00, 0.80, '2025-12-02 10:34:44'),
(4557, '', 8, 15.00, 0.80, '2025-12-02 10:34:44'),
(4558, '', 9, 5.00, 0.80, '2025-12-02 10:34:44'),
(4586, '', 1, 26.00, 0.80, '2025-12-02 10:35:01'),
(4587, '', 2, 26.00, 0.80, '2025-12-02 10:35:01'),
(4588, '', 3, 33.00, 0.80, '2025-12-02 10:35:01'),
(4589, '', 4, 27.00, 0.80, '2025-12-02 10:35:01'),
(4590, '', 7, 7.00, 0.80, '2025-12-02 10:35:01'),
(4591, '', 8, 24.00, 0.80, '2025-12-02 10:35:01'),
(4592, '', 9, 9.00, 0.80, '2025-12-02 10:35:01'),
(4620, '', 1, 12.00, 0.80, '2025-12-02 10:35:48'),
(4621, '', 2, 30.00, 0.80, '2025-12-02 10:35:48'),
(4622, '', 3, 34.00, 0.80, '2025-12-02 10:35:48'),
(4623, '', 4, 6.00, 0.80, '2025-12-02 10:35:48'),
(4624, '', 7, 17.00, 0.80, '2025-12-02 10:35:48'),
(4625, '', 8, 27.00, 0.80, '2025-12-02 10:35:48'),
(4626, '', 9, 33.00, 0.80, '2025-12-02 10:35:48'),
(4654, '', 1, 5.00, 0.80, '2025-12-02 11:23:23'),
(4655, '', 2, 23.00, 0.80, '2025-12-02 11:23:23'),
(4656, '', 3, 33.00, 0.80, '2025-12-02 11:23:23'),
(4657, '', 4, 26.00, 0.80, '2025-12-02 11:23:23'),
(4658, '', 7, 6.00, 0.80, '2025-12-02 11:23:23'),
(4659, '', 8, 8.00, 0.80, '2025-12-02 11:23:23'),
(4660, '', 9, 15.00, 0.80, '2025-12-02 11:23:23'),
(4688, '', 1, 29.00, 0.80, '2025-12-02 11:36:56'),
(4689, '', 2, 8.00, 0.80, '2025-12-02 11:36:56'),
(4690, '', 3, 15.00, 0.80, '2025-12-02 11:36:56'),
(4691, '', 4, 15.00, 0.80, '2025-12-02 11:36:56'),
(4692, '', 7, 9.00, 0.80, '2025-12-02 11:36:56'),
(4693, '', 8, 19.00, 0.80, '2025-12-02 11:36:56'),
(4694, '', 9, 13.00, 0.80, '2025-12-02 11:36:56'),
(4723, '', 1, 12.00, 0.80, '2025-12-02 11:48:11'),
(4724, '', 2, 10.00, 0.80, '2025-12-02 11:48:11'),
(4725, '', 3, 20.00, 0.80, '2025-12-02 11:48:11'),
(4726, '', 4, 7.00, 0.80, '2025-12-02 11:48:11'),
(4727, '', 7, 32.00, 0.80, '2025-12-02 11:48:11'),
(4728, '', 8, 16.00, 0.80, '2025-12-02 11:48:11'),
(4729, '', 9, 26.00, 0.80, '2025-12-02 11:48:11'),
(4759, '', 1, 23.00, 0.80, '2025-12-02 11:48:51'),
(4760, '', 2, 27.00, 0.80, '2025-12-02 11:48:51'),
(4761, '', 3, 14.00, 0.80, '2025-12-02 11:48:51'),
(4762, '', 4, 6.00, 0.80, '2025-12-02 11:48:51'),
(4763, '', 7, 30.00, 0.80, '2025-12-02 11:48:51'),
(4764, '', 8, 17.00, 0.80, '2025-12-02 11:48:51'),
(4765, '', 9, 18.00, 0.80, '2025-12-02 11:48:51'),
(4795, '', 1, 21.00, 0.80, '2025-12-02 12:37:25'),
(4796, '', 2, 10.00, 0.80, '2025-12-02 12:37:25'),
(4797, '', 3, 30.00, 0.80, '2025-12-02 12:37:25'),
(4798, '', 4, 19.00, 0.80, '2025-12-02 12:37:25'),
(4799, '', 7, 8.00, 0.80, '2025-12-02 12:37:25'),
(4800, '', 8, 8.00, 0.80, '2025-12-02 12:37:25'),
(4801, '', 9, 6.00, 0.80, '2025-12-02 12:37:25'),
(4831, '', 1, 9.00, 0.80, '2025-12-02 14:25:18'),
(4832, '', 2, 17.00, 0.80, '2025-12-02 14:25:18'),
(4833, '', 3, 29.00, 0.80, '2025-12-02 14:25:18'),
(4834, '', 4, 31.00, 0.80, '2025-12-02 14:25:18'),
(4835, '', 7, 16.00, 0.80, '2025-12-02 14:25:18'),
(4836, '', 8, 29.00, 0.80, '2025-12-02 14:25:18'),
(4837, '', 9, 32.00, 0.80, '2025-12-02 14:25:18'),
(4868, '', 1, 14.00, 0.80, '2025-12-02 14:34:00'),
(4869, '', 2, 24.00, 0.80, '2025-12-02 14:34:00'),
(4870, '', 3, 16.00, 0.80, '2025-12-02 14:34:00'),
(4871, '', 4, 23.00, 0.80, '2025-12-02 14:34:00'),
(4872, '', 7, 24.00, 0.80, '2025-12-02 14:34:00'),
(4873, '', 8, 31.00, 0.80, '2025-12-02 14:34:00'),
(4874, '', 9, 23.00, 0.80, '2025-12-02 14:34:00'),
(4905, '', 1, 20.00, 0.80, '2025-12-02 14:34:31'),
(4906, '', 2, 30.00, 0.80, '2025-12-02 14:34:31'),
(4907, '', 3, 19.00, 0.80, '2025-12-02 14:34:31'),
(4908, '', 4, 28.00, 0.80, '2025-12-02 14:34:31'),
(4909, '', 7, 6.00, 0.80, '2025-12-02 14:34:31'),
(4910, '', 8, 17.00, 0.80, '2025-12-02 14:34:31'),
(4911, '', 9, 29.00, 0.80, '2025-12-02 14:34:31'),
(4942, '', 1, 13.00, 0.80, '2025-12-02 14:42:20'),
(4943, '', 2, 11.00, 0.80, '2025-12-02 14:42:20'),
(4944, '', 3, 25.00, 0.80, '2025-12-02 14:42:20'),
(4945, '', 4, 15.00, 0.80, '2025-12-02 14:42:20'),
(4946, '', 7, 12.00, 0.80, '2025-12-02 14:42:20'),
(4947, '', 8, 26.00, 0.80, '2025-12-02 14:42:20'),
(4948, '', 9, 27.00, 0.80, '2025-12-02 14:42:20'),
(4979, '', 1, 22.00, 0.80, '2025-12-02 15:18:36'),
(4980, '', 2, 10.00, 0.80, '2025-12-02 15:18:36'),
(4981, '', 3, 5.00, 0.80, '2025-12-02 15:18:36'),
(4982, '', 4, 11.00, 0.80, '2025-12-02 15:18:36'),
(4983, '', 7, 16.00, 0.80, '2025-12-02 15:18:36'),
(4984, '', 8, 32.00, 0.80, '2025-12-02 15:18:36'),
(4985, '', 9, 13.00, 0.80, '2025-12-02 15:18:36'),
(5016, '', 1, 20.00, 0.80, '2025-12-02 15:19:20'),
(5017, '', 2, 16.00, 0.80, '2025-12-02 15:19:20'),
(5018, '', 3, 15.00, 0.80, '2025-12-02 15:19:20'),
(5019, '', 4, 22.00, 0.80, '2025-12-02 15:19:20'),
(5020, '', 7, 21.00, 0.80, '2025-12-02 15:19:20'),
(5021, '', 8, 17.00, 0.80, '2025-12-02 15:19:20'),
(5022, '', 9, 13.00, 0.80, '2025-12-02 15:19:20'),
(5053, '', 1, 26.00, 0.80, '2025-12-02 15:34:23'),
(5054, '', 2, 10.00, 0.80, '2025-12-02 15:34:23'),
(5055, '', 3, 27.00, 0.80, '2025-12-02 15:34:23'),
(5056, '', 4, 34.00, 0.80, '2025-12-02 15:34:23'),
(5057, '', 7, 29.00, 0.80, '2025-12-02 15:34:23'),
(5058, '', 8, 14.00, 0.80, '2025-12-02 15:34:23'),
(5059, '', 9, 34.00, 0.80, '2025-12-02 15:34:23'),
(5090, '', 1, 16.00, 0.80, '2025-12-02 15:39:24'),
(5091, '', 2, 28.00, 0.80, '2025-12-02 15:39:24'),
(5092, '', 3, 20.00, 0.80, '2025-12-02 15:39:24'),
(5093, '', 4, 29.00, 0.80, '2025-12-02 15:39:24'),
(5094, '', 7, 11.00, 0.80, '2025-12-02 15:39:24'),
(5095, '', 8, 15.00, 0.80, '2025-12-02 15:39:24'),
(5096, '', 9, 22.00, 0.80, '2025-12-02 15:39:24'),
(5127, '', 1, 14.00, 0.80, '2025-12-02 15:45:36'),
(5128, '', 2, 14.00, 0.80, '2025-12-02 15:45:36'),
(5129, '', 3, 25.00, 0.80, '2025-12-02 15:45:36'),
(5130, '', 4, 19.00, 0.80, '2025-12-02 15:45:36'),
(5131, '', 7, 5.00, 0.80, '2025-12-02 15:45:36'),
(5132, '', 8, 15.00, 0.80, '2025-12-02 15:45:36'),
(5133, '', 9, 8.00, 0.80, '2025-12-02 15:45:36'),
(5164, '', 1, 18.00, 0.80, '2025-12-02 15:49:37'),
(5165, '', 2, 23.00, 0.80, '2025-12-02 15:49:37'),
(5166, '', 3, 12.00, 0.80, '2025-12-02 15:49:37'),
(5167, '', 4, 30.00, 0.80, '2025-12-02 15:49:37'),
(5168, '', 7, 8.00, 0.80, '2025-12-02 15:49:37'),
(5169, '', 8, 26.00, 0.80, '2025-12-02 15:49:37'),
(5170, '', 9, 18.00, 0.80, '2025-12-02 15:49:37'),
(5201, '', 1, 24.00, 0.80, '2025-12-02 16:00:00'),
(5202, '', 2, 32.00, 0.80, '2025-12-02 16:00:00'),
(5203, '', 3, 17.00, 0.80, '2025-12-02 16:00:00'),
(5204, '', 4, 26.00, 0.80, '2025-12-02 16:00:00'),
(5205, '', 7, 6.00, 0.80, '2025-12-02 16:00:00'),
(5206, '', 8, 20.00, 0.80, '2025-12-02 16:00:00'),
(5207, '', 9, 30.00, 0.80, '2025-12-02 16:00:00'),
(5238, '', 1, 34.00, 0.80, '2025-12-02 16:50:27'),
(5239, '', 2, 33.00, 0.80, '2025-12-02 16:50:27'),
(5240, '', 3, 32.00, 0.80, '2025-12-02 16:50:27'),
(5241, '', 4, 17.00, 0.80, '2025-12-02 16:50:27'),
(5242, '', 7, 24.00, 0.80, '2025-12-02 16:50:27'),
(5243, '', 8, 24.00, 0.80, '2025-12-02 16:50:27'),
(5244, '', 9, 5.00, 0.80, '2025-12-02 16:50:27'),
(5275, '', 1, 28.00, 0.80, '2025-12-02 16:53:11'),
(5276, '', 2, 5.00, 0.80, '2025-12-02 16:53:11'),
(5277, '', 3, 10.00, 0.80, '2025-12-02 16:53:11'),
(5278, '', 4, 10.00, 0.80, '2025-12-02 16:53:11'),
(5279, '', 7, 26.00, 0.80, '2025-12-02 16:53:11'),
(5280, '', 8, 13.00, 0.80, '2025-12-02 16:53:11'),
(5281, '', 9, 29.00, 0.80, '2025-12-02 16:53:11'),
(5312, '', 1, 25.00, 0.80, '2025-12-02 17:01:11'),
(5313, '', 2, 14.00, 0.80, '2025-12-02 17:01:11'),
(5314, '', 3, 31.00, 0.80, '2025-12-02 17:01:11'),
(5315, '', 4, 19.00, 0.80, '2025-12-02 17:01:11'),
(5316, '', 7, 11.00, 0.80, '2025-12-02 17:01:11'),
(5317, '', 8, 33.00, 0.80, '2025-12-02 17:01:11'),
(5318, '', 9, 14.00, 0.80, '2025-12-02 17:01:11'),
(5349, '', 1, 19.00, 0.80, '2025-12-02 17:15:50');
INSERT INTO `ai_predictions` (`id`, `type`, `target_id`, `predicted_value`, `confidence`, `created_at`) VALUES
(5350, '', 2, 25.00, 0.80, '2025-12-02 17:15:50'),
(5351, '', 3, 25.00, 0.80, '2025-12-02 17:15:50'),
(5352, '', 4, 9.00, 0.80, '2025-12-02 17:15:50'),
(5353, '', 7, 28.00, 0.80, '2025-12-02 17:15:50'),
(5354, '', 8, 26.00, 0.80, '2025-12-02 17:15:50'),
(5355, '', 9, 17.00, 0.80, '2025-12-02 17:15:50'),
(5386, '', 1, 15.00, 0.80, '2025-12-02 17:46:35'),
(5387, '', 2, 16.00, 0.80, '2025-12-02 17:46:35'),
(5388, '', 3, 16.00, 0.80, '2025-12-02 17:46:35'),
(5389, '', 4, 15.00, 0.80, '2025-12-02 17:46:35'),
(5390, '', 7, 23.00, 0.80, '2025-12-02 17:46:35'),
(5391, '', 8, 20.00, 0.80, '2025-12-02 17:46:35'),
(5392, '', 9, 15.00, 0.80, '2025-12-02 17:46:35'),
(5423, '', 1, 29.00, 0.80, '2025-12-02 17:47:25'),
(5424, '', 2, 9.00, 0.80, '2025-12-02 17:47:25'),
(5425, '', 3, 25.00, 0.80, '2025-12-02 17:47:25'),
(5426, '', 4, 34.00, 0.80, '2025-12-02 17:47:25'),
(5427, '', 7, 5.00, 0.80, '2025-12-02 17:47:25'),
(5428, '', 8, 31.00, 0.80, '2025-12-02 17:47:25'),
(5429, '', 9, 17.00, 0.80, '2025-12-02 17:47:25'),
(5460, '', 1, 8.00, 0.80, '2025-12-02 17:48:29'),
(5461, '', 2, 14.00, 0.80, '2025-12-02 17:48:29'),
(5462, '', 3, 9.00, 0.80, '2025-12-02 17:48:29'),
(5463, '', 4, 27.00, 0.80, '2025-12-02 17:48:29'),
(5464, '', 7, 18.00, 0.80, '2025-12-02 17:48:29'),
(5465, '', 8, 16.00, 0.80, '2025-12-02 17:48:29'),
(5466, '', 9, 15.00, 0.80, '2025-12-02 17:48:29'),
(5497, '', 1, 30.00, 0.80, '2025-12-02 17:50:41'),
(5498, '', 2, 14.00, 0.80, '2025-12-02 17:50:41'),
(5499, '', 3, 33.00, 0.80, '2025-12-02 17:50:41'),
(5500, '', 4, 15.00, 0.80, '2025-12-02 17:50:41'),
(5501, '', 7, 13.00, 0.80, '2025-12-02 17:50:41'),
(5502, '', 8, 16.00, 0.80, '2025-12-02 17:50:41'),
(5503, '', 9, 29.00, 0.80, '2025-12-02 17:50:41'),
(5534, '', 1, 11.00, 0.80, '2025-12-02 17:52:32'),
(5535, '', 2, 30.00, 0.80, '2025-12-02 17:52:32'),
(5536, '', 3, 10.00, 0.80, '2025-12-02 17:52:32'),
(5537, '', 4, 19.00, 0.80, '2025-12-02 17:52:32'),
(5538, '', 7, 32.00, 0.80, '2025-12-02 17:52:32'),
(5539, '', 8, 11.00, 0.80, '2025-12-02 17:52:32'),
(5540, '', 9, 7.00, 0.80, '2025-12-02 17:52:32'),
(5571, '', 1, 13.00, 0.80, '2025-12-02 18:09:00'),
(5572, '', 2, 20.00, 0.80, '2025-12-02 18:09:00'),
(5573, '', 3, 17.00, 0.80, '2025-12-02 18:09:00'),
(5574, '', 4, 15.00, 0.80, '2025-12-02 18:09:00'),
(5575, '', 7, 34.00, 0.80, '2025-12-02 18:09:00'),
(5576, '', 8, 33.00, 0.80, '2025-12-02 18:09:00'),
(5577, '', 9, 20.00, 0.80, '2025-12-02 18:09:00'),
(5608, '', 1, 34.00, 0.80, '2025-12-02 18:13:27'),
(5609, '', 2, 16.00, 0.80, '2025-12-02 18:13:27'),
(5610, '', 3, 24.00, 0.80, '2025-12-02 18:13:27'),
(5611, '', 4, 9.00, 0.80, '2025-12-02 18:13:27'),
(5612, '', 7, 9.00, 0.80, '2025-12-02 18:13:27'),
(5613, '', 8, 23.00, 0.80, '2025-12-02 18:13:27'),
(5614, '', 9, 24.00, 0.80, '2025-12-02 18:13:27'),
(5645, '', 1, 17.00, 0.80, '2025-12-02 18:17:48'),
(5646, '', 2, 31.00, 0.80, '2025-12-02 18:17:48'),
(5647, '', 3, 28.00, 0.80, '2025-12-02 18:17:48'),
(5648, '', 4, 10.00, 0.80, '2025-12-02 18:17:48'),
(5649, '', 7, 29.00, 0.80, '2025-12-02 18:17:48'),
(5650, '', 8, 10.00, 0.80, '2025-12-02 18:17:48'),
(5651, '', 9, 5.00, 0.80, '2025-12-02 18:17:48'),
(5683, '', 1, 19.00, 0.80, '2025-12-03 08:02:46'),
(5684, '', 2, 19.00, 0.80, '2025-12-03 08:02:46'),
(5685, '', 3, 24.00, 0.80, '2025-12-03 08:02:46'),
(5686, '', 4, 18.00, 0.80, '2025-12-03 08:02:46'),
(5687, '', 7, 24.00, 0.80, '2025-12-03 08:02:46'),
(5688, '', 8, 5.00, 0.80, '2025-12-03 08:02:46'),
(5689, '', 9, 30.00, 0.80, '2025-12-03 08:02:46'),
(5690, '', 10, 24.00, 0.80, '2025-12-03 08:02:46'),
(5723, '', 1, 30.00, 0.80, '2025-12-03 08:07:52'),
(5724, '', 2, 30.00, 0.80, '2025-12-03 08:07:52'),
(5725, '', 3, 12.00, 0.80, '2025-12-03 08:07:52'),
(5726, '', 4, 15.00, 0.80, '2025-12-03 08:07:52'),
(5727, '', 7, 33.00, 0.80, '2025-12-03 08:07:52'),
(5728, '', 8, 34.00, 0.80, '2025-12-03 08:07:52'),
(5729, '', 9, 12.00, 0.80, '2025-12-03 08:07:52'),
(5730, '', 10, 13.00, 0.80, '2025-12-03 08:07:52'),
(5763, '', 1, 27.00, 0.80, '2025-12-03 08:08:04'),
(5764, '', 2, 11.00, 0.80, '2025-12-03 08:08:04'),
(5765, '', 3, 24.00, 0.80, '2025-12-03 08:08:04'),
(5766, '', 4, 23.00, 0.80, '2025-12-03 08:08:04'),
(5767, '', 7, 11.00, 0.80, '2025-12-03 08:08:04'),
(5768, '', 8, 18.00, 0.80, '2025-12-03 08:08:04'),
(5769, '', 9, 16.00, 0.80, '2025-12-03 08:08:04'),
(5770, '', 10, 30.00, 0.80, '2025-12-03 08:08:04'),
(5803, '', 1, 25.00, 0.80, '2025-12-03 08:32:36'),
(5804, '', 2, 12.00, 0.80, '2025-12-03 08:32:36'),
(5805, '', 3, 5.00, 0.80, '2025-12-03 08:32:36'),
(5806, '', 4, 33.00, 0.80, '2025-12-03 08:32:36'),
(5807, '', 7, 22.00, 0.80, '2025-12-03 08:32:36'),
(5808, '', 8, 23.00, 0.80, '2025-12-03 08:32:36'),
(5809, '', 9, 27.00, 0.80, '2025-12-03 08:32:36'),
(5810, '', 10, 11.00, 0.80, '2025-12-03 08:32:36'),
(5843, '', 1, 7.00, 0.80, '2025-12-03 08:54:33'),
(5844, '', 2, 9.00, 0.80, '2025-12-03 08:54:33'),
(5845, '', 3, 34.00, 0.80, '2025-12-03 08:54:33'),
(5846, '', 4, 17.00, 0.80, '2025-12-03 08:54:33'),
(5847, '', 7, 30.00, 0.80, '2025-12-03 08:54:33'),
(5848, '', 8, 7.00, 0.80, '2025-12-03 08:54:33'),
(5849, '', 9, 18.00, 0.80, '2025-12-03 08:54:33'),
(5850, '', 10, 29.00, 0.80, '2025-12-03 08:54:33'),
(5883, '', 1, 13.00, 0.80, '2025-12-03 09:01:06'),
(5884, '', 2, 9.00, 0.80, '2025-12-03 09:01:06'),
(5885, '', 3, 30.00, 0.80, '2025-12-03 09:01:06'),
(5886, '', 4, 29.00, 0.80, '2025-12-03 09:01:06'),
(5887, '', 7, 26.00, 0.80, '2025-12-03 09:01:06'),
(5888, '', 8, 23.00, 0.80, '2025-12-03 09:01:06'),
(5889, '', 9, 26.00, 0.80, '2025-12-03 09:01:06'),
(5890, '', 10, 32.00, 0.80, '2025-12-03 09:01:06'),
(5923, '', 1, 20.00, 0.80, '2025-12-03 09:03:05'),
(5924, '', 2, 18.00, 0.80, '2025-12-03 09:03:05'),
(5925, '', 3, 11.00, 0.80, '2025-12-03 09:03:05'),
(5926, '', 4, 18.00, 0.80, '2025-12-03 09:03:05'),
(5927, '', 7, 22.00, 0.80, '2025-12-03 09:03:05'),
(5928, '', 8, 8.00, 0.80, '2025-12-03 09:03:05'),
(5929, '', 9, 20.00, 0.80, '2025-12-03 09:03:05'),
(5930, '', 10, 31.00, 0.80, '2025-12-03 09:03:05'),
(5963, '', 1, 12.00, 0.80, '2025-12-03 09:03:29'),
(5964, '', 2, 25.00, 0.80, '2025-12-03 09:03:29'),
(5965, '', 3, 22.00, 0.80, '2025-12-03 09:03:29'),
(5966, '', 4, 28.00, 0.80, '2025-12-03 09:03:29'),
(5967, '', 7, 22.00, 0.80, '2025-12-03 09:03:29'),
(5968, '', 8, 28.00, 0.80, '2025-12-03 09:03:29'),
(5969, '', 9, 9.00, 0.80, '2025-12-03 09:03:29'),
(5970, '', 10, 13.00, 0.80, '2025-12-03 09:03:29'),
(6003, '', 1, 30.00, 0.80, '2025-12-03 09:06:37'),
(6004, '', 2, 17.00, 0.80, '2025-12-03 09:06:37'),
(6005, '', 3, 21.00, 0.80, '2025-12-03 09:06:37'),
(6006, '', 4, 24.00, 0.80, '2025-12-03 09:06:37'),
(6007, '', 7, 26.00, 0.80, '2025-12-03 09:06:37'),
(6008, '', 8, 34.00, 0.80, '2025-12-03 09:06:37'),
(6009, '', 9, 18.00, 0.80, '2025-12-03 09:06:37'),
(6010, '', 10, 13.00, 0.80, '2025-12-03 09:06:37'),
(6043, '', 1, 8.00, 0.80, '2025-12-03 09:07:35'),
(6044, '', 2, 9.00, 0.80, '2025-12-03 09:07:35'),
(6045, '', 3, 27.00, 0.80, '2025-12-03 09:07:35'),
(6046, '', 4, 15.00, 0.80, '2025-12-03 09:07:35'),
(6047, '', 7, 6.00, 0.80, '2025-12-03 09:07:35'),
(6048, '', 8, 31.00, 0.80, '2025-12-03 09:07:35'),
(6049, '', 9, 27.00, 0.80, '2025-12-03 09:07:35'),
(6050, '', 10, 15.00, 0.80, '2025-12-03 09:07:35'),
(6083, '', 1, 20.00, 0.80, '2025-12-03 09:10:41'),
(6084, '', 2, 7.00, 0.80, '2025-12-03 09:10:41'),
(6085, '', 3, 12.00, 0.80, '2025-12-03 09:10:41'),
(6086, '', 4, 11.00, 0.80, '2025-12-03 09:10:41'),
(6087, '', 7, 16.00, 0.80, '2025-12-03 09:10:41'),
(6088, '', 8, 30.00, 0.80, '2025-12-03 09:10:41'),
(6089, '', 9, 7.00, 0.80, '2025-12-03 09:10:41'),
(6090, '', 10, 14.00, 0.80, '2025-12-03 09:10:41'),
(6123, '', 1, 33.00, 0.80, '2025-12-03 09:13:02'),
(6124, '', 2, 5.00, 0.80, '2025-12-03 09:13:02'),
(6125, '', 3, 31.00, 0.80, '2025-12-03 09:13:02'),
(6126, '', 4, 8.00, 0.80, '2025-12-03 09:13:02'),
(6127, '', 7, 29.00, 0.80, '2025-12-03 09:13:02'),
(6128, '', 8, 33.00, 0.80, '2025-12-03 09:13:02'),
(6129, '', 9, 22.00, 0.80, '2025-12-03 09:13:02'),
(6130, '', 10, 26.00, 0.80, '2025-12-03 09:13:02'),
(6163, '', 1, 23.00, 0.80, '2025-12-03 09:16:30'),
(6164, '', 2, 18.00, 0.80, '2025-12-03 09:16:30'),
(6165, '', 3, 21.00, 0.80, '2025-12-03 09:16:30'),
(6166, '', 4, 17.00, 0.80, '2025-12-03 09:16:30'),
(6167, '', 7, 25.00, 0.80, '2025-12-03 09:16:30'),
(6168, '', 8, 10.00, 0.80, '2025-12-03 09:16:30'),
(6169, '', 9, 15.00, 0.80, '2025-12-03 09:16:30'),
(6170, '', 10, 27.00, 0.80, '2025-12-03 09:16:30'),
(6203, '', 1, 29.00, 0.80, '2025-12-03 09:18:19'),
(6204, '', 2, 15.00, 0.80, '2025-12-03 09:18:19'),
(6205, '', 3, 27.00, 0.80, '2025-12-03 09:18:19'),
(6206, '', 4, 23.00, 0.80, '2025-12-03 09:18:19'),
(6207, '', 7, 19.00, 0.80, '2025-12-03 09:18:19'),
(6208, '', 8, 10.00, 0.80, '2025-12-03 09:18:19'),
(6209, '', 9, 5.00, 0.80, '2025-12-03 09:18:19'),
(6210, '', 10, 18.00, 0.80, '2025-12-03 09:18:19'),
(6243, '', 1, 10.00, 0.80, '2025-12-03 09:19:04'),
(6244, '', 2, 31.00, 0.80, '2025-12-03 09:19:04'),
(6245, '', 3, 22.00, 0.80, '2025-12-03 09:19:04'),
(6246, '', 4, 20.00, 0.80, '2025-12-03 09:19:04'),
(6247, '', 7, 10.00, 0.80, '2025-12-03 09:19:04'),
(6248, '', 8, 32.00, 0.80, '2025-12-03 09:19:04'),
(6249, '', 9, 6.00, 0.80, '2025-12-03 09:19:04'),
(6250, '', 10, 17.00, 0.80, '2025-12-03 09:19:04'),
(6283, '', 1, 5.00, 0.80, '2025-12-03 09:22:06'),
(6284, '', 2, 11.00, 0.80, '2025-12-03 09:22:06'),
(6285, '', 3, 28.00, 0.80, '2025-12-03 09:22:06'),
(6286, '', 4, 34.00, 0.80, '2025-12-03 09:22:06'),
(6287, '', 7, 20.00, 0.80, '2025-12-03 09:22:06'),
(6288, '', 8, 8.00, 0.80, '2025-12-03 09:22:06'),
(6289, '', 9, 32.00, 0.80, '2025-12-03 09:22:06'),
(6290, '', 10, 5.00, 0.80, '2025-12-03 09:22:06'),
(6323, '', 1, 18.00, 0.80, '2025-12-03 09:24:00'),
(6324, '', 2, 21.00, 0.80, '2025-12-03 09:24:00'),
(6325, '', 3, 16.00, 0.80, '2025-12-03 09:24:00'),
(6326, '', 4, 10.00, 0.80, '2025-12-03 09:24:00'),
(6327, '', 7, 34.00, 0.80, '2025-12-03 09:24:00'),
(6328, '', 8, 23.00, 0.80, '2025-12-03 09:24:00'),
(6329, '', 9, 30.00, 0.80, '2025-12-03 09:24:00'),
(6330, '', 10, 9.00, 0.80, '2025-12-03 09:24:00'),
(6363, '', 1, 15.00, 0.80, '2025-12-03 09:27:03'),
(6364, '', 2, 10.00, 0.80, '2025-12-03 09:27:03'),
(6365, '', 3, 9.00, 0.80, '2025-12-03 09:27:03'),
(6366, '', 4, 14.00, 0.80, '2025-12-03 09:27:03'),
(6367, '', 7, 31.00, 0.80, '2025-12-03 09:27:03'),
(6368, '', 8, 25.00, 0.80, '2025-12-03 09:27:03'),
(6369, '', 9, 27.00, 0.80, '2025-12-03 09:27:03'),
(6370, '', 10, 5.00, 0.80, '2025-12-03 09:27:03'),
(6403, '', 1, 11.00, 0.80, '2025-12-03 09:38:02'),
(6404, '', 2, 31.00, 0.80, '2025-12-03 09:38:02'),
(6405, '', 3, 34.00, 0.80, '2025-12-03 09:38:02'),
(6406, '', 4, 9.00, 0.80, '2025-12-03 09:38:02'),
(6407, '', 7, 27.00, 0.80, '2025-12-03 09:38:02'),
(6408, '', 8, 10.00, 0.80, '2025-12-03 09:38:02'),
(6409, '', 9, 22.00, 0.80, '2025-12-03 09:38:02'),
(6410, '', 10, 6.00, 0.80, '2025-12-03 09:38:02'),
(6443, '', 1, 15.00, 0.80, '2025-12-03 09:56:30'),
(6444, '', 2, 12.00, 0.80, '2025-12-03 09:56:30'),
(6445, '', 3, 26.00, 0.80, '2025-12-03 09:56:30'),
(6446, '', 4, 21.00, 0.80, '2025-12-03 09:56:30'),
(6447, '', 7, 33.00, 0.80, '2025-12-03 09:56:30'),
(6448, '', 8, 34.00, 0.80, '2025-12-03 09:56:30'),
(6449, '', 9, 25.00, 0.80, '2025-12-03 09:56:30'),
(6450, '', 10, 32.00, 0.80, '2025-12-03 09:56:30'),
(6483, '', 1, 12.00, 0.80, '2025-12-03 09:58:35'),
(6484, '', 2, 9.00, 0.80, '2025-12-03 09:58:35'),
(6485, '', 3, 9.00, 0.80, '2025-12-03 09:58:35'),
(6486, '', 4, 27.00, 0.80, '2025-12-03 09:58:35'),
(6487, '', 7, 31.00, 0.80, '2025-12-03 09:58:35'),
(6488, '', 8, 19.00, 0.80, '2025-12-03 09:58:35'),
(6489, '', 9, 23.00, 0.80, '2025-12-03 09:58:35'),
(6490, '', 10, 7.00, 0.80, '2025-12-03 09:58:35'),
(6523, '', 1, 10.00, 0.80, '2025-12-03 09:58:56'),
(6524, '', 2, 23.00, 0.80, '2025-12-03 09:58:56'),
(6525, '', 3, 29.00, 0.80, '2025-12-03 09:58:56'),
(6526, '', 4, 14.00, 0.80, '2025-12-03 09:58:56'),
(6527, '', 7, 14.00, 0.80, '2025-12-03 09:58:56'),
(6528, '', 8, 15.00, 0.80, '2025-12-03 09:58:56'),
(6529, '', 9, 27.00, 0.80, '2025-12-03 09:58:56'),
(6530, '', 10, 28.00, 0.80, '2025-12-03 09:58:56'),
(6563, '', 1, 22.00, 0.80, '2025-12-03 09:59:57'),
(6564, '', 2, 15.00, 0.80, '2025-12-03 09:59:57'),
(6565, '', 3, 9.00, 0.80, '2025-12-03 09:59:57'),
(6566, '', 4, 34.00, 0.80, '2025-12-03 09:59:57'),
(6567, '', 7, 23.00, 0.80, '2025-12-03 09:59:57'),
(6568, '', 8, 20.00, 0.80, '2025-12-03 09:59:57'),
(6569, '', 9, 6.00, 0.80, '2025-12-03 09:59:57'),
(6570, '', 10, 24.00, 0.80, '2025-12-03 09:59:57'),
(6603, '', 1, 22.00, 0.80, '2025-12-03 10:00:00'),
(6604, '', 2, 27.00, 0.80, '2025-12-03 10:00:00'),
(6605, '', 3, 11.00, 0.80, '2025-12-03 10:00:00'),
(6606, '', 4, 34.00, 0.80, '2025-12-03 10:00:00'),
(6607, '', 7, 5.00, 0.80, '2025-12-03 10:00:00'),
(6608, '', 8, 34.00, 0.80, '2025-12-03 10:00:00'),
(6609, '', 9, 14.00, 0.80, '2025-12-03 10:00:00'),
(6610, '', 10, 19.00, 0.80, '2025-12-03 10:00:00'),
(6643, '', 1, 8.00, 0.80, '2025-12-03 10:01:47'),
(6644, '', 2, 15.00, 0.80, '2025-12-03 10:01:47'),
(6645, '', 3, 25.00, 0.80, '2025-12-03 10:01:47'),
(6646, '', 4, 20.00, 0.80, '2025-12-03 10:01:47'),
(6647, '', 7, 26.00, 0.80, '2025-12-03 10:01:47'),
(6648, '', 8, 30.00, 0.80, '2025-12-03 10:01:47'),
(6649, '', 9, 12.00, 0.80, '2025-12-03 10:01:47'),
(6650, '', 10, 11.00, 0.80, '2025-12-03 10:01:47'),
(6683, '', 1, 17.00, 0.80, '2025-12-03 10:02:11'),
(6684, '', 2, 15.00, 0.80, '2025-12-03 10:02:11'),
(6685, '', 3, 25.00, 0.80, '2025-12-03 10:02:11'),
(6686, '', 4, 10.00, 0.80, '2025-12-03 10:02:11'),
(6687, '', 7, 34.00, 0.80, '2025-12-03 10:02:11'),
(6688, '', 8, 6.00, 0.80, '2025-12-03 10:02:11'),
(6689, '', 9, 21.00, 0.80, '2025-12-03 10:02:11'),
(6690, '', 10, 12.00, 0.80, '2025-12-03 10:02:11'),
(6723, '', 1, 17.00, 0.80, '2025-12-03 10:04:17'),
(6724, '', 2, 6.00, 0.80, '2025-12-03 10:04:17'),
(6725, '', 3, 8.00, 0.80, '2025-12-03 10:04:17'),
(6726, '', 4, 25.00, 0.80, '2025-12-03 10:04:17'),
(6727, '', 7, 28.00, 0.80, '2025-12-03 10:04:17'),
(6728, '', 8, 9.00, 0.80, '2025-12-03 10:04:17'),
(6729, '', 9, 29.00, 0.80, '2025-12-03 10:04:17'),
(6730, '', 10, 19.00, 0.80, '2025-12-03 10:04:17'),
(6763, '', 1, 9.00, 0.80, '2025-12-03 10:05:28'),
(6764, '', 2, 26.00, 0.80, '2025-12-03 10:05:28'),
(6765, '', 3, 20.00, 0.80, '2025-12-03 10:05:28'),
(6766, '', 4, 19.00, 0.80, '2025-12-03 10:05:28'),
(6767, '', 7, 12.00, 0.80, '2025-12-03 10:05:28'),
(6768, '', 8, 19.00, 0.80, '2025-12-03 10:05:28'),
(6769, '', 9, 11.00, 0.80, '2025-12-03 10:05:28'),
(6770, '', 10, 30.00, 0.80, '2025-12-03 10:05:28'),
(6803, '', 1, 24.00, 0.80, '2025-12-03 10:06:18'),
(6804, '', 2, 33.00, 0.80, '2025-12-03 10:06:18'),
(6805, '', 3, 22.00, 0.80, '2025-12-03 10:06:18'),
(6806, '', 4, 33.00, 0.80, '2025-12-03 10:06:18'),
(6807, '', 7, 21.00, 0.80, '2025-12-03 10:06:18'),
(6808, '', 8, 9.00, 0.80, '2025-12-03 10:06:18'),
(6809, '', 9, 29.00, 0.80, '2025-12-03 10:06:18'),
(6810, '', 10, 32.00, 0.80, '2025-12-03 10:06:18'),
(6843, '', 1, 5.00, 0.80, '2025-12-03 10:09:47'),
(6844, '', 2, 13.00, 0.80, '2025-12-03 10:09:47'),
(6845, '', 3, 14.00, 0.80, '2025-12-03 10:09:47'),
(6846, '', 4, 30.00, 0.80, '2025-12-03 10:09:47'),
(6847, '', 7, 7.00, 0.80, '2025-12-03 10:09:47'),
(6848, '', 8, 32.00, 0.80, '2025-12-03 10:09:47'),
(6849, '', 9, 21.00, 0.80, '2025-12-03 10:09:47'),
(6850, '', 10, 12.00, 0.80, '2025-12-03 10:09:47'),
(6883, '', 1, 32.00, 0.80, '2025-12-03 10:49:46'),
(6884, '', 2, 33.00, 0.80, '2025-12-03 10:49:46'),
(6885, '', 3, 14.00, 0.80, '2025-12-03 10:49:46'),
(6886, '', 4, 18.00, 0.80, '2025-12-03 10:49:46'),
(6887, '', 7, 34.00, 0.80, '2025-12-03 10:49:46'),
(6888, '', 8, 28.00, 0.80, '2025-12-03 10:49:46'),
(6889, '', 9, 21.00, 0.80, '2025-12-03 10:49:46'),
(6890, '', 10, 23.00, 0.80, '2025-12-03 10:49:46'),
(6923, '', 1, 29.00, 0.80, '2025-12-03 12:50:18'),
(6924, '', 2, 11.00, 0.80, '2025-12-03 12:50:18'),
(6925, '', 3, 7.00, 0.80, '2025-12-03 12:50:18'),
(6926, '', 4, 5.00, 0.80, '2025-12-03 12:50:18'),
(6927, '', 7, 11.00, 0.80, '2025-12-03 12:50:18'),
(6928, '', 8, 12.00, 0.80, '2025-12-03 12:50:18'),
(6929, '', 9, 25.00, 0.80, '2025-12-03 12:50:18'),
(6930, '', 10, 12.00, 0.80, '2025-12-03 12:50:18'),
(6963, '', 1, 34.00, 0.80, '2025-12-03 12:53:20'),
(6964, '', 2, 21.00, 0.80, '2025-12-03 12:53:20'),
(6965, '', 3, 21.00, 0.80, '2025-12-03 12:53:20'),
(6966, '', 4, 7.00, 0.80, '2025-12-03 12:53:20'),
(6967, '', 7, 32.00, 0.80, '2025-12-03 12:53:20'),
(6968, '', 8, 28.00, 0.80, '2025-12-03 12:53:20'),
(6969, '', 9, 19.00, 0.80, '2025-12-03 12:53:20'),
(6970, '', 10, 9.00, 0.80, '2025-12-03 12:53:20'),
(7003, '', 1, 26.00, 0.80, '2025-12-03 13:17:49'),
(7004, '', 2, 16.00, 0.80, '2025-12-03 13:17:49'),
(7005, '', 3, 16.00, 0.80, '2025-12-03 13:17:49'),
(7006, '', 4, 11.00, 0.80, '2025-12-03 13:17:49'),
(7007, '', 7, 32.00, 0.80, '2025-12-03 13:17:49'),
(7008, '', 8, 21.00, 0.80, '2025-12-03 13:17:49'),
(7009, '', 9, 30.00, 0.80, '2025-12-03 13:17:49'),
(7010, '', 10, 32.00, 0.80, '2025-12-03 13:17:49'),
(7043, '', 1, 19.00, 0.80, '2025-12-03 13:18:27'),
(7044, '', 2, 16.00, 0.80, '2025-12-03 13:18:27'),
(7045, '', 3, 34.00, 0.80, '2025-12-03 13:18:27'),
(7046, '', 4, 31.00, 0.80, '2025-12-03 13:18:27'),
(7047, '', 7, 18.00, 0.80, '2025-12-03 13:18:27'),
(7048, '', 8, 25.00, 0.80, '2025-12-03 13:18:27'),
(7049, '', 9, 11.00, 0.80, '2025-12-03 13:18:27'),
(7050, '', 10, 20.00, 0.80, '2025-12-03 13:18:27'),
(7083, '', 1, 11.00, 0.80, '2025-12-03 13:22:05'),
(7084, '', 2, 33.00, 0.80, '2025-12-03 13:22:05'),
(7085, '', 3, 5.00, 0.80, '2025-12-03 13:22:05'),
(7086, '', 4, 6.00, 0.80, '2025-12-03 13:22:05'),
(7087, '', 7, 15.00, 0.80, '2025-12-03 13:22:05'),
(7088, '', 8, 33.00, 0.80, '2025-12-03 13:22:05'),
(7089, '', 9, 13.00, 0.80, '2025-12-03 13:22:05'),
(7090, '', 10, 15.00, 0.80, '2025-12-03 13:22:05'),
(7123, '', 1, 17.00, 0.80, '2025-12-03 13:25:39'),
(7124, '', 2, 5.00, 0.80, '2025-12-03 13:25:39'),
(7125, '', 3, 14.00, 0.80, '2025-12-03 13:25:39'),
(7126, '', 4, 30.00, 0.80, '2025-12-03 13:25:39'),
(7127, '', 7, 11.00, 0.80, '2025-12-03 13:25:39'),
(7128, '', 8, 12.00, 0.80, '2025-12-03 13:25:39'),
(7129, '', 9, 14.00, 0.80, '2025-12-03 13:25:39'),
(7130, '', 10, 16.00, 0.80, '2025-12-03 13:25:39'),
(7163, '', 1, 18.00, 0.80, '2025-12-03 13:26:52'),
(7164, '', 2, 26.00, 0.80, '2025-12-03 13:26:52'),
(7165, '', 3, 30.00, 0.80, '2025-12-03 13:26:52'),
(7166, '', 4, 18.00, 0.80, '2025-12-03 13:26:52'),
(7167, '', 7, 20.00, 0.80, '2025-12-03 13:26:52'),
(7168, '', 8, 10.00, 0.80, '2025-12-03 13:26:52'),
(7169, '', 9, 15.00, 0.80, '2025-12-03 13:26:52'),
(7170, '', 10, 9.00, 0.80, '2025-12-03 13:26:52'),
(7203, '', 1, 29.00, 0.80, '2025-12-03 13:27:52'),
(7204, '', 2, 28.00, 0.80, '2025-12-03 13:27:52'),
(7205, '', 3, 34.00, 0.80, '2025-12-03 13:27:52'),
(7206, '', 4, 23.00, 0.80, '2025-12-03 13:27:52'),
(7207, '', 7, 11.00, 0.80, '2025-12-03 13:27:52'),
(7208, '', 8, 28.00, 0.80, '2025-12-03 13:27:52'),
(7209, '', 9, 32.00, 0.80, '2025-12-03 13:27:52'),
(7210, '', 10, 21.00, 0.80, '2025-12-03 13:27:52'),
(7243, '', 1, 11.00, 0.80, '2025-12-03 13:34:06'),
(7244, '', 2, 6.00, 0.80, '2025-12-03 13:34:06'),
(7245, '', 3, 25.00, 0.80, '2025-12-03 13:34:06'),
(7246, '', 4, 18.00, 0.80, '2025-12-03 13:34:06'),
(7247, '', 7, 8.00, 0.80, '2025-12-03 13:34:06'),
(7248, '', 8, 29.00, 0.80, '2025-12-03 13:34:06'),
(7249, '', 9, 20.00, 0.80, '2025-12-03 13:34:06'),
(7250, '', 10, 24.00, 0.80, '2025-12-03 13:34:06'),
(7283, '', 1, 19.00, 0.80, '2025-12-03 13:51:07'),
(7284, '', 2, 33.00, 0.80, '2025-12-03 13:51:07'),
(7285, '', 3, 23.00, 0.80, '2025-12-03 13:51:07'),
(7286, '', 4, 25.00, 0.80, '2025-12-03 13:51:07'),
(7287, '', 7, 14.00, 0.80, '2025-12-03 13:51:07'),
(7288, '', 8, 21.00, 0.80, '2025-12-03 13:51:07'),
(7289, '', 9, 29.00, 0.80, '2025-12-03 13:51:07'),
(7290, '', 10, 32.00, 0.80, '2025-12-03 13:51:07'),
(7323, '', 1, 18.00, 0.80, '2025-12-03 13:54:39'),
(7324, '', 2, 7.00, 0.80, '2025-12-03 13:54:39'),
(7325, '', 3, 20.00, 0.80, '2025-12-03 13:54:39'),
(7326, '', 4, 34.00, 0.80, '2025-12-03 13:54:39'),
(7327, '', 7, 25.00, 0.80, '2025-12-03 13:54:39'),
(7328, '', 8, 14.00, 0.80, '2025-12-03 13:54:39'),
(7329, '', 9, 15.00, 0.80, '2025-12-03 13:54:39'),
(7330, '', 10, 24.00, 0.80, '2025-12-03 13:54:39'),
(7363, '', 1, 6.00, 0.80, '2025-12-03 13:57:10'),
(7364, '', 2, 34.00, 0.80, '2025-12-03 13:57:10'),
(7365, '', 3, 27.00, 0.80, '2025-12-03 13:57:10'),
(7366, '', 4, 32.00, 0.80, '2025-12-03 13:57:10'),
(7367, '', 7, 14.00, 0.80, '2025-12-03 13:57:10'),
(7368, '', 8, 23.00, 0.80, '2025-12-03 13:57:10'),
(7369, '', 9, 23.00, 0.80, '2025-12-03 13:57:10'),
(7370, '', 10, 27.00, 0.80, '2025-12-03 13:57:10'),
(7403, '', 1, 32.00, 0.80, '2025-12-03 13:57:40'),
(7404, '', 2, 7.00, 0.80, '2025-12-03 13:57:40'),
(7405, '', 3, 8.00, 0.80, '2025-12-03 13:57:40'),
(7406, '', 4, 33.00, 0.80, '2025-12-03 13:57:40'),
(7407, '', 7, 6.00, 0.80, '2025-12-03 13:57:40'),
(7408, '', 8, 15.00, 0.80, '2025-12-03 13:57:40'),
(7409, '', 9, 31.00, 0.80, '2025-12-03 13:57:40'),
(7410, '', 10, 23.00, 0.80, '2025-12-03 13:57:40'),
(7443, '', 1, 18.00, 0.80, '2025-12-03 19:35:06'),
(7444, '', 2, 17.00, 0.80, '2025-12-03 19:35:06'),
(7445, '', 3, 17.00, 0.80, '2025-12-03 19:35:06'),
(7446, '', 4, 34.00, 0.80, '2025-12-03 19:35:06'),
(7447, '', 7, 10.00, 0.80, '2025-12-03 19:35:06'),
(7448, '', 8, 31.00, 0.80, '2025-12-03 19:35:06'),
(7449, '', 9, 20.00, 0.80, '2025-12-03 19:35:06'),
(7450, '', 10, 26.00, 0.80, '2025-12-03 19:35:06'),
(7483, '', 1, 6.00, 0.80, '2025-12-03 19:40:06'),
(7484, '', 2, 12.00, 0.80, '2025-12-03 19:40:06'),
(7485, '', 3, 32.00, 0.80, '2025-12-03 19:40:06'),
(7486, '', 4, 5.00, 0.80, '2025-12-03 19:40:06'),
(7487, '', 7, 17.00, 0.80, '2025-12-03 19:40:06'),
(7488, '', 8, 21.00, 0.80, '2025-12-03 19:40:06'),
(7489, '', 9, 33.00, 0.80, '2025-12-03 19:40:06'),
(7490, '', 10, 30.00, 0.80, '2025-12-03 19:40:06'),
(7523, '', 1, 17.00, 0.80, '2025-12-03 19:43:26'),
(7524, '', 2, 28.00, 0.80, '2025-12-03 19:43:26'),
(7525, '', 3, 31.00, 0.80, '2025-12-03 19:43:26'),
(7526, '', 4, 28.00, 0.80, '2025-12-03 19:43:26'),
(7527, '', 7, 27.00, 0.80, '2025-12-03 19:43:26'),
(7528, '', 8, 10.00, 0.80, '2025-12-03 19:43:26'),
(7529, '', 9, 17.00, 0.80, '2025-12-03 19:43:26'),
(7530, '', 10, 31.00, 0.80, '2025-12-03 19:43:26'),
(7563, '', 1, 28.00, 0.80, '2025-12-03 19:48:03'),
(7564, '', 2, 11.00, 0.80, '2025-12-03 19:48:03'),
(7565, '', 3, 20.00, 0.80, '2025-12-03 19:48:03'),
(7566, '', 4, 9.00, 0.80, '2025-12-03 19:48:03'),
(7567, '', 7, 6.00, 0.80, '2025-12-03 19:48:03'),
(7568, '', 8, 15.00, 0.80, '2025-12-03 19:48:03'),
(7569, '', 9, 20.00, 0.80, '2025-12-03 19:48:03'),
(7570, '', 10, 19.00, 0.80, '2025-12-03 19:48:03'),
(7603, '', 1, 18.00, 0.80, '2025-12-03 19:48:43'),
(7604, '', 2, 25.00, 0.80, '2025-12-03 19:48:43'),
(7605, '', 3, 34.00, 0.80, '2025-12-03 19:48:43'),
(7606, '', 4, 5.00, 0.80, '2025-12-03 19:48:43'),
(7607, '', 7, 26.00, 0.80, '2025-12-03 19:48:43'),
(7608, '', 8, 14.00, 0.80, '2025-12-03 19:48:43'),
(7609, '', 9, 29.00, 0.80, '2025-12-03 19:48:43'),
(7610, '', 10, 24.00, 0.80, '2025-12-03 19:48:43'),
(7643, '', 1, 14.00, 0.80, '2025-12-03 19:51:14'),
(7644, '', 2, 33.00, 0.80, '2025-12-03 19:51:14'),
(7645, '', 3, 16.00, 0.80, '2025-12-03 19:51:14'),
(7646, '', 4, 26.00, 0.80, '2025-12-03 19:51:14'),
(7647, '', 7, 9.00, 0.80, '2025-12-03 19:51:14'),
(7648, '', 8, 34.00, 0.80, '2025-12-03 19:51:14'),
(7649, '', 9, 32.00, 0.80, '2025-12-03 19:51:14'),
(7650, '', 10, 25.00, 0.80, '2025-12-03 19:51:14'),
(7683, '', 1, 9.00, 0.80, '2025-12-03 19:52:03'),
(7684, '', 2, 17.00, 0.80, '2025-12-03 19:52:03'),
(7685, '', 3, 32.00, 0.80, '2025-12-03 19:52:03'),
(7686, '', 4, 8.00, 0.80, '2025-12-03 19:52:03'),
(7687, '', 7, 6.00, 0.80, '2025-12-03 19:52:03'),
(7688, '', 8, 30.00, 0.80, '2025-12-03 19:52:03'),
(7689, '', 9, 7.00, 0.80, '2025-12-03 19:52:03'),
(7690, '', 10, 20.00, 0.80, '2025-12-03 19:52:03'),
(7723, '', 1, 28.00, 0.80, '2025-12-03 20:00:19'),
(7724, '', 2, 14.00, 0.80, '2025-12-03 20:00:19'),
(7725, '', 3, 24.00, 0.80, '2025-12-03 20:00:19'),
(7726, '', 4, 24.00, 0.80, '2025-12-03 20:00:19'),
(7727, '', 7, 7.00, 0.80, '2025-12-03 20:00:19'),
(7728, '', 8, 8.00, 0.80, '2025-12-03 20:00:19'),
(7729, '', 9, 10.00, 0.80, '2025-12-03 20:00:19'),
(7730, '', 10, 21.00, 0.80, '2025-12-03 20:00:19'),
(7763, '', 1, 24.00, 0.80, '2025-12-03 20:00:41'),
(7764, '', 2, 28.00, 0.80, '2025-12-03 20:00:41'),
(7765, '', 3, 20.00, 0.80, '2025-12-03 20:00:41'),
(7766, '', 4, 21.00, 0.80, '2025-12-03 20:00:41'),
(7767, '', 7, 20.00, 0.80, '2025-12-03 20:00:41'),
(7768, '', 8, 28.00, 0.80, '2025-12-03 20:00:41'),
(7769, '', 9, 12.00, 0.80, '2025-12-03 20:00:41'),
(7770, '', 10, 11.00, 0.80, '2025-12-03 20:00:41'),
(7803, '', 1, 29.00, 0.80, '2025-12-03 20:16:20'),
(7804, '', 2, 6.00, 0.80, '2025-12-03 20:16:20'),
(7805, '', 3, 28.00, 0.80, '2025-12-03 20:16:20'),
(7806, '', 4, 24.00, 0.80, '2025-12-03 20:16:20'),
(7807, '', 7, 22.00, 0.80, '2025-12-03 20:16:20'),
(7808, '', 8, 30.00, 0.80, '2025-12-03 20:16:20'),
(7809, '', 9, 24.00, 0.80, '2025-12-03 20:16:20'),
(7810, '', 10, 28.00, 0.80, '2025-12-03 20:16:20'),
(7843, '', 1, 11.00, 0.80, '2025-12-03 20:19:40'),
(7844, '', 2, 23.00, 0.80, '2025-12-03 20:19:40'),
(7845, '', 3, 6.00, 0.80, '2025-12-03 20:19:40'),
(7846, '', 4, 13.00, 0.80, '2025-12-03 20:19:40'),
(7847, '', 7, 17.00, 0.80, '2025-12-03 20:19:40'),
(7848, '', 8, 27.00, 0.80, '2025-12-03 20:19:40'),
(7849, '', 9, 18.00, 0.80, '2025-12-03 20:19:40'),
(7850, '', 10, 22.00, 0.80, '2025-12-03 20:19:40'),
(7883, '', 1, 29.00, 0.80, '2025-12-03 20:19:54'),
(7884, '', 2, 26.00, 0.80, '2025-12-03 20:19:54'),
(7885, '', 3, 10.00, 0.80, '2025-12-03 20:19:54'),
(7886, '', 4, 18.00, 0.80, '2025-12-03 20:19:54'),
(7887, '', 7, 31.00, 0.80, '2025-12-03 20:19:54'),
(7888, '', 8, 8.00, 0.80, '2025-12-03 20:19:54'),
(7889, '', 9, 30.00, 0.80, '2025-12-03 20:19:54'),
(7890, '', 10, 10.00, 0.80, '2025-12-03 20:19:54'),
(7923, '', 1, 28.00, 0.80, '2025-12-03 20:22:52'),
(7924, '', 2, 16.00, 0.80, '2025-12-03 20:22:52'),
(7925, '', 3, 18.00, 0.80, '2025-12-03 20:22:52'),
(7926, '', 4, 7.00, 0.80, '2025-12-03 20:22:52'),
(7927, '', 7, 22.00, 0.80, '2025-12-03 20:22:52'),
(7928, '', 8, 14.00, 0.80, '2025-12-03 20:22:52'),
(7929, '', 9, 28.00, 0.80, '2025-12-03 20:22:52'),
(7930, '', 10, 9.00, 0.80, '2025-12-03 20:22:52'),
(7963, '', 1, 21.00, 0.80, '2025-12-03 20:32:43'),
(7964, '', 2, 8.00, 0.80, '2025-12-03 20:32:43'),
(7965, '', 3, 8.00, 0.80, '2025-12-03 20:32:43'),
(7966, '', 4, 17.00, 0.80, '2025-12-03 20:32:43'),
(7967, '', 7, 18.00, 0.80, '2025-12-03 20:32:43'),
(7968, '', 8, 12.00, 0.80, '2025-12-03 20:32:43'),
(7969, '', 9, 18.00, 0.80, '2025-12-03 20:32:43'),
(7970, '', 10, 18.00, 0.80, '2025-12-03 20:32:43'),
(8003, '', 1, 17.00, 0.80, '2025-12-03 20:32:56'),
(8004, '', 2, 22.00, 0.80, '2025-12-03 20:32:56'),
(8005, '', 3, 9.00, 0.80, '2025-12-03 20:32:56'),
(8006, '', 4, 20.00, 0.80, '2025-12-03 20:32:56'),
(8007, '', 7, 10.00, 0.80, '2025-12-03 20:32:56'),
(8008, '', 8, 5.00, 0.80, '2025-12-03 20:32:56'),
(8009, '', 9, 21.00, 0.80, '2025-12-03 20:32:56'),
(8010, '', 10, 17.00, 0.80, '2025-12-03 20:32:56'),
(8035, 'demand', 1, 57.00, 0.80, '2025-12-03 20:40:06'),
(8036, 'demand', 2, 81.00, 0.80, '2025-12-03 20:40:06'),
(8037, 'demand', 3, 74.00, 0.80, '2025-12-03 20:40:06'),
(8038, 'demand', 4, 125.00, 0.80, '2025-12-03 20:40:06'),
(8039, 'demand', 7, 99.00, 0.80, '2025-12-03 20:40:06'),
(8040, 'demand', 8, 114.00, 0.80, '2025-12-03 20:40:06'),
(8041, 'demand', 9, 124.00, 0.80, '2025-12-03 20:40:06'),
(8042, 'demand', 10, 85.00, 0.80, '2025-12-03 20:40:06'),
(8043, '', 1, 7.00, 0.80, '2025-12-03 20:40:06'),
(8044, '', 2, 9.00, 0.80, '2025-12-03 20:40:06'),
(8045, '', 3, 8.00, 0.80, '2025-12-03 20:40:06'),
(8046, '', 4, 12.00, 0.80, '2025-12-03 20:40:06'),
(8047, '', 7, 28.00, 0.80, '2025-12-03 20:40:06'),
(8048, '', 8, 6.00, 0.80, '2025-12-03 20:40:06'),
(8049, '', 9, 26.00, 0.80, '2025-12-03 20:40:06'),
(8050, '', 10, 5.00, 0.80, '2025-12-03 20:40:06'),
(8051, 'segment', 1, 12.00, 0.70, '2025-12-03 20:40:06'),
(8052, 'segment', 2, 10.00, 0.70, '2025-12-03 20:40:06'),
(8053, 'segment', 3, 10.00, 0.70, '2025-12-03 20:40:06'),
(8054, 'segment', 4, 5.00, 0.70, '2025-12-03 20:40:06'),
(8055, 'segment', 5, 6.00, 0.70, '2025-12-03 20:40:06'),
(8056, 'segment', 6, 12.00, 0.70, '2025-12-03 20:40:06'),
(8057, 'segment', 7, 5.00, 0.70, '2025-12-03 20:40:06'),
(8058, 'segment', 8, 9.00, 0.70, '2025-12-03 20:40:06'),
(8059, 'segment', 9, 9.00, 0.70, '2025-12-03 20:40:06'),
(8060, 'segment', 11, 6.00, 0.70, '2025-12-03 20:40:06'),
(8061, 'segment', 12, 6.00, 0.70, '2025-12-03 20:40:06'),
(8062, 'segment', 13, 9.00, 0.70, '2025-12-03 20:40:06'),
(8063, 'segment', 14, 7.00, 0.70, '2025-12-03 20:40:06'),
(8064, 'segment', 15, 10.00, 0.70, '2025-12-03 20:40:06'),
(8065, 'churn', 1, 71.71, 0.70, '2025-12-03 20:40:06'),
(8066, 'churn', 2, 30.65, 0.70, '2025-12-03 20:40:06'),
(8067, 'churn', 3, 52.53, 0.70, '2025-12-03 20:40:06'),
(8068, 'churn', 4, 66.99, 0.70, '2025-12-03 20:40:06'),
(8069, 'churn', 5, 23.70, 0.70, '2025-12-03 20:40:06'),
(8070, 'churn', 6, 50.56, 0.70, '2025-12-03 20:40:06'),
(8071, 'churn', 7, 23.73, 0.70, '2025-12-03 20:40:06'),
(8072, 'churn', 8, 16.95, 0.70, '2025-12-03 20:40:06'),
(8073, 'churn', 9, 14.47, 0.70, '2025-12-03 20:40:06'),
(8074, 'churn', 11, 71.76, 0.70, '2025-12-03 20:40:06');

-- --------------------------------------------------------

--
-- Table structure for table `artwork_files`
--

CREATE TABLE `artwork_files` (
  `id` int(11) NOT NULL,
  `quote_id` int(11) DEFAULT NULL,
  `order_id` int(11) DEFAULT NULL,
  `file_url` varchar(255) DEFAULT NULL,
  `version` int(11) DEFAULT 1,
  `uploaded_at` timestamp NOT NULL DEFAULT current_timestamp()
) ENGINE=InnoDB DEFAULT CHARSET=utf8mb4 COLLATE=utf8mb4_general_ci;

--
-- Dumping data for table `artwork_files`
--

INSERT INTO `artwork_files` (`id`, `quote_id`, `order_id`, `file_url`, `version`, `uploaded_at`) VALUES
(1, 1, NULL, 'https://files.topdesign.local/acme-banners-v1.pdf', 1, '2025-11-28 09:30:47'),
(2, 2, NULL, 'https://files.topdesign.local/bright-flyers-v1.pdf', 1, '2025-11-28 09:30:47'),
(3, 3, NULL, 'https://files.topdesign.local/cafe-menus-v1.pdf', 1, '2025-11-28 09:30:47');

-- --------------------------------------------------------

--
-- Table structure for table `audit_logs`
--

CREATE TABLE `audit_logs` (
  `id` int(11) NOT NULL,
  `user_id` int(11) DEFAULT NULL,
  `action` varchar(255) DEFAULT NULL,
  `table_name` varchar(120) DEFAULT NULL,
  `record_id` int(11) DEFAULT NULL,
  `timestamp` datetime DEFAULT current_timestamp(),
  `ip_address` varchar(50) DEFAULT NULL
) ENGINE=InnoDB DEFAULT CHARSET=utf8mb4 COLLATE=utf8mb4_general_ci;

--
-- Dumping data for table `audit_logs`
--

INSERT INTO `audit_logs` (`id`, `user_id`, `action`, `table_name`, `record_id`, `timestamp`, `ip_address`) VALUES
(1, 1, 'UPDATE', 'orders', NULL, '2025-11-28 15:39:12', '::1'),
(2, 1, 'UPDATE', 'orders', NULL, '2025-11-28 15:39:13', '::1'),
(3, 1, 'UPDATE', 'orders', NULL, '2025-11-28 15:39:14', '::1'),
(4, 1, 'UPDATE', 'orders', NULL, '2025-11-28 15:39:15', '::1'),
(5, 1, 'UPDATE', 'orders', NULL, '2025-11-28 15:39:32', '::1'),
(6, 1, 'UPDATE', 'orders', NULL, '2025-11-28 15:39:43', '::1'),
(7, 1, 'CREATE', 'purchase_orders', NULL, '2025-11-28 15:40:44', '::1'),
(8, 3, 'CREATE', 'payments', NULL, '2025-11-28 21:11:30', '::1'),
(9, 8, 'CREATE', 'stock_movements', NULL, '2025-11-28 21:25:34', '::1'),
(10, 8, 'CREATE', 'stock_movements', NULL, '2025-11-28 21:26:00', '::1'),
(11, 8, 'CREATE', 'stock_movements', NULL, '2025-11-28 22:02:20', '::1'),
(12, 19, 'UPDATE', 'orders', NULL, '2025-11-29 04:00:53', '::1'),
(13, 19, 'UPDATE', 'orders', NULL, '2025-11-29 04:00:54', '::1'),
(14, 19, 'UPDATE', 'orders', NULL, '2025-11-29 04:00:55', '::1'),
(15, 19, 'UPDATE', 'orders', NULL, '2025-11-29 04:00:56', '::1'),
(16, 19, 'UPDATE', 'orders', NULL, '2025-11-29 04:01:01', '::1'),
(17, 3, 'CREATE', 'payments', NULL, '2025-11-29 04:55:45', '::1'),
(18, 8, 'DELETE', 'materials', NULL, '2025-11-29 05:37:30', '::1'),
(19, 19, 'CREATE', 'materials', NULL, '2025-11-30 12:39:18', '::1'),
(20, 8, 'CREATE', 'purchase_orders', NULL, '2025-11-30 14:27:28', '::1'),
(21, 19, 'CREATE', 'invoices', 3, '2025-11-30 14:32:31', '::1'),
(22, 8, 'DELETE', 'materials', NULL, '2025-11-30 16:14:04', '::1'),
(23, 19, 'UPDATE', 'orders', NULL, '2025-11-30 16:33:11', '::1'),
(24, 8, 'CREATE', 'materials', NULL, '2025-12-02 09:47:10', '::1'),
(25, 8, 'CREATE', 'suppliers', NULL, '2025-12-02 09:51:27', '::1'),
(26, 8, 'CREATE', 'stock_movements', NULL, '2025-12-02 10:30:07', '::1'),
(27, 8, 'CREATE', 'materials', NULL, '2025-12-02 10:30:48', '::1'),
(28, 8, 'CREATE', 'stock_movements', NULL, '2025-12-02 10:31:05', '::1'),
(29, 8, 'CREATE', 'materials', NULL, '2025-12-02 11:36:44', '::1'),
(30, 8, 'CREATE', 'stock_movements', NULL, '2025-12-02 11:37:20', '::1'),
(31, 6, 'UPDATE', 'orders', NULL, '2025-12-02 13:23:35', '::1'),
(32, 6, 'UPDATE', 'orders', NULL, '2025-12-02 13:23:36', '::1'),
(33, 6, 'UPDATE', 'orders', NULL, '2025-12-02 13:23:37', '::1'),
(34, 6, 'UPDATE', 'orders', NULL, '2025-12-02 13:23:43', '::1'),
(35, 6, 'UPDATE', 'orders', NULL, '2025-12-02 13:23:59', '::1'),
(36, 19, 'UPDATE', 'orders', NULL, '2025-12-02 13:49:48', '::1'),
(37, 19, 'UPDATE', 'orders', NULL, '2025-12-02 13:49:49', '::1'),
(38, 19, 'UPDATE', 'orders', NULL, '2025-12-02 13:49:50', '::1'),
(39, 19, 'UPDATE', 'orders', NULL, '2025-12-02 13:49:50', '::1'),
(40, 19, 'UPDATE', 'orders', NULL, '2025-12-02 13:49:58', '::1'),
(41, 5, 'CREATE', 'pos_sales', 21, '2025-12-02 17:13:00', '::1'),
(42, 5, 'CREATE', 'pos_sales', 24, '2025-12-02 17:13:57', '::1'),
(43, 5, 'CREATE', 'pos_sales', 27, '2025-12-02 17:19:59', '::1'),
(44, 5, 'CREATE', 'pos_sales', 28, '2025-12-02 17:20:05', '::1'),
(45, 5, 'CREATE', 'pos_sales', 29, '2025-12-02 17:21:27', '::1'),
(46, 5, 'CREATE', 'pos_sales', 30, '2025-12-02 17:40:23', '::1'),
(47, 5, 'CREATE', 'invoices', 4, '2025-12-02 17:40:28', '::1'),
(48, 15, 'CREATE', 'payments', NULL, '2025-12-02 17:45:35', '::1'),
(49, 5, 'CREATE', 'pos_sales', 31, '2025-12-02 17:48:16', '::1'),
(50, 5, 'CREATE', 'invoices', 5, '2025-12-02 17:48:19', '::1'),
(51, 5, 'CREATE', 'payments', NULL, '2025-12-02 17:48:21', '::1'),
(52, 5, 'CREATE', 'pos_sales', 32, '2025-12-02 17:49:05', '::1'),
(53, 5, 'CREATE', 'invoices', 6, '2025-12-02 17:49:07', '::1'),
(54, 5, 'CREATE', 'payments', NULL, '2025-12-02 17:49:10', '::1'),
(55, 15, 'CREATE', 'payments', NULL, '2025-12-02 17:51:25', '::1'),
(56, 15, 'CREATE', 'payments', NULL, '2025-12-02 17:51:55', '::1'),
(57, 15, 'CREATE', 'pos_sales', 33, '2025-12-02 18:30:41', '::1'),
(58, 15, 'CREATE', 'invoices', 7, '2025-12-02 18:30:45', '::1'),
(59, 15, 'CREATE', 'payments', NULL, '2025-12-02 18:30:48', '::1'),
(60, 15, 'CREATE', 'payments', NULL, '2025-12-02 18:33:22', '::1'),
(61, 15, 'CREATE', 'pos_sales', 34, '2025-12-02 19:02:02', '::1'),
(62, 15, 'CREATE', 'invoices', 8, '2025-12-02 19:02:26', '::1'),
(63, 15, 'CREATE', 'payments', NULL, '2025-12-02 19:02:30', '::1'),
(64, 19, 'CREATE', 'payments', NULL, '2025-12-02 20:37:35', '::1'),
(65, 19, 'CREATE', 'payments', NULL, '2025-12-02 20:39:55', '::1'),
(66, 19, 'UPDATE', 'orders', NULL, '2025-12-02 20:43:04', '::1'),
(67, 19, 'CREATE', 'work_orders', 8, '2025-12-02 20:44:17', '::1'),
(68, 19, 'CREATE', 'materials', NULL, '2025-12-02 20:46:40', '::1'),
(69, 19, 'UPDATE', 'orders', NULL, '2025-12-02 20:50:51', '::1'),
(70, 19, 'UPDATE', 'orders', NULL, '2025-12-02 20:50:53', '::1'),
(71, 19, 'UPDATE', 'orders', NULL, '2025-12-02 20:50:55', '::1'),
(72, 19, 'UPDATE', 'orders', NULL, '2025-12-02 20:50:57', '::1'),
(73, 19, 'UPDATE', 'orders', NULL, '2025-12-02 20:51:22', '::1'),
(74, 19, 'UPDATE', 'orders', NULL, '2025-12-02 20:51:30', '::1'),
(75, 19, 'UPDATE', 'orders', NULL, '2025-12-02 20:51:36', '::1'),
(76, 19, 'CREATE', 'purchase_orders', NULL, '2025-12-02 20:53:55', '::1'),
(77, 5, 'CREATE', 'pos_sales', 35, '2025-12-02 21:03:16', '::1'),
(78, 5, 'CREATE', 'invoices', 9, '2025-12-02 21:03:38', '::1'),
(79, 5, 'CREATE', 'payments', NULL, '2025-12-02 21:03:59', '::1'),
(80, 8, 'CREATE', 'stock_movements', NULL, '2025-12-02 21:11:44', '::1'),
(81, 8, 'CREATE', 'stock_movements', NULL, '2025-12-02 21:12:13', '::1'),
(82, 15, 'CREATE', 'payments', NULL, '2025-12-03 15:26:10', '::1'),
(83, 15, 'CREATE', 'payments', NULL, '2025-12-03 15:28:50', '::1'),
(84, 15, 'CREATE', 'payments', NULL, '2025-12-03 15:29:43', '::1'),
(85, 15, 'CREATE', 'payments', NULL, '2025-12-03 15:30:33', '::1'),
(86, 8, 'CREATE', 'purchase_orders', NULL, '2025-12-03 21:34:19', '::1'),
(87, 8, 'CREATE', 'purchase_orders', NULL, '2025-12-03 21:35:58', '::1'),
(88, 8, 'UPDATE', 'purchase_orders', NULL, '2025-12-03 21:43:34', '::1'),
(89, 8, 'CREATE', 'purchase_orders', NULL, '2025-12-03 21:54:18', '::1'),
(90, 8, 'CREATE', 'suppliers', NULL, '2025-12-03 21:55:47', '::1'),
(91, 8, 'CREATE', 'stock_movements', NULL, '2025-12-03 21:57:34', '::1'),
(92, 8, 'UPDATE', 'suppliers', NULL, '2025-12-03 22:05:28', '::1'),
(93, 8, 'UPDATE', 'suppliers', NULL, '2025-12-03 22:06:22', '::1'),
(94, 8, 'UPDATE', 'suppliers', NULL, '2025-12-03 22:07:21', '::1'),
(95, 8, 'CREATE', 'suppliers', NULL, '2025-12-03 22:08:53', '::1'),
(96, 8, 'UPDATE', 'suppliers', NULL, '2025-12-03 22:09:51', '::1'),
(97, 8, 'CREATE', 'suppliers', NULL, '2025-12-03 22:33:42', '::1');

-- --------------------------------------------------------

--
-- Table structure for table `bom`
--

CREATE TABLE `bom` (
  `id` int(11) NOT NULL,
  `product_name` varchar(255) DEFAULT NULL,
  `material_id` int(11) DEFAULT NULL,
  `quantity_required` decimal(12,2) DEFAULT NULL
) ENGINE=InnoDB DEFAULT CHARSET=utf8mb4 COLLATE=utf8mb4_general_ci;

--
-- Dumping data for table `bom`
--

INSERT INTO `bom` (`id`, `product_name`, `material_id`, `quantity_required`) VALUES
(1, 'PVC Banner 3x1m', 1, 3.20),
(2, 'Roll-up Stand', 2, 1.50),
(3, 'A5 Flyer', 3, 0.50),
(4, 'Laminated Menu', 3, 1.00);

-- --------------------------------------------------------

--
-- Table structure for table `campaigns`
--

CREATE TABLE `campaigns` (
  `id` int(11) NOT NULL,
  `title` varchar(255) DEFAULT NULL,
  `subject` varchar(255) DEFAULT NULL,
  `message` text DEFAULT NULL,
  `platform` varchar(50) DEFAULT 'email',
  `budget` decimal(12,2) DEFAULT 0.00,
  `sent_count` int(11) DEFAULT 0,
  `failed_count` int(11) DEFAULT 0,
  `status` enum('active','paused','ended') DEFAULT 'active',
  `created_at` timestamp NOT NULL DEFAULT current_timestamp()
) ENGINE=InnoDB DEFAULT CHARSET=utf8mb4 COLLATE=utf8mb4_general_ci;

--
-- Dumping data for table `campaigns`
--

INSERT INTO `campaigns` (`id`, `title`, `subject`, `message`, `platform`, `budget`, `sent_count`, `failed_count`, `status`, `created_at`) VALUES
(1, 'Back to School 2025', NULL, NULL, 'facebook', 0.00, 0, 0, 'active', '2025-11-28 09:30:47'),
(2, 'Church Outreach Posters', NULL, NULL, 'instagram', 0.00, 0, 0, 'paused', '2025-11-28 09:30:47'),
(3, 'Cafe Loyalty Launch', NULL, NULL, 'whatsapp', 0.00, 0, 0, 'active', '2025-11-28 09:30:47'),
(4, 'Mukashop', NULL, NULL, 'X', 200.00, 0, 0, 'active', '2025-12-03 12:55:27');

-- --------------------------------------------------------

--
-- Table structure for table `chart_of_accounts`
--

CREATE TABLE `chart_of_accounts` (
  `id` int(11) NOT NULL,
  `account_code` varchar(50) DEFAULT NULL,
  `name` varchar(120) DEFAULT NULL,
  `type` enum('asset','liability','equity','revenue','expense') DEFAULT NULL
) ENGINE=InnoDB DEFAULT CHARSET=utf8mb4 COLLATE=utf8mb4_general_ci;

--
-- Dumping data for table `chart_of_accounts`
--

INSERT INTO `chart_of_accounts` (`id`, `account_code`, `name`, `type`) VALUES
(1, '1000', 'Cash', 'asset'),
(2, '1100', 'Accounts Receivable', 'asset'),
(3, '1200', 'Inventory', 'asset'),
(4, '2000', 'Accounts Payable', 'liability'),
(5, '3000', 'Owner Equity', 'equity'),
(6, '4000', 'Sales Revenue', 'revenue'),
(7, '5000', 'Cost of Goods Sold', 'expense'),
(8, '6000', 'Operating Expenses', 'expense'),
(9, '1000', 'Cash', 'asset'),
(10, '1100', 'Bank Account', 'asset'),
(11, '1200', 'Accounts Receivable', 'asset'),
(12, '1300', 'Inventory', 'asset'),
(13, '1400', 'Prepaid Expenses', 'asset'),
(14, '1500', 'Equipment', 'asset'),
(15, '1600', 'Accumulated Depreciation', 'asset'),
(16, '2000', 'Accounts Payable', 'liability'),
(17, '2100', 'Sales Tax Payable', 'liability'),
(18, '2200', 'Wages Payable', 'liability'),
(19, '2300', 'Loans Payable', 'liability'),
(20, '3000', 'Owner Equity', 'equity'),
(21, '3100', 'Retained Earnings', 'equity'),
(22, '3200', 'Drawings', 'equity'),
(23, '4000', 'Sales Revenue', 'revenue'),
(24, '4100', 'Service Revenue', 'revenue'),
(25, '4200', 'Other Income', 'revenue'),
(26, '5000', 'Cost of Goods Sold', 'expense'),
(27, '5100', 'Salaries Expense', 'expense'),
(28, '5200', 'Rent Expense', 'expense'),
(29, '5300', 'Utilities Expense', 'expense'),
(30, '5400', 'Marketing Expense', 'expense'),
(31, '5500', 'Office Supplies', 'expense'),
(32, '5600', 'Depreciation Expense', 'expense'),
(33, '5700', 'Bank Charges', 'expense'),
(34, '5800', 'Miscellaneous Expense', 'expense'),
(35, '1000', 'Cash', 'asset'),
(36, '1100', 'Bank Account', 'asset'),
(37, '1200', 'Accounts Receivable', 'asset'),
(38, '1300', 'Inventory', 'asset'),
(39, '1400', 'Prepaid Expenses', 'asset'),
(40, '1500', 'Equipment', 'asset'),
(41, '1600', 'Accumulated Depreciation', 'asset'),
(42, '2000', 'Accounts Payable', 'liability'),
(43, '2100', 'Sales Tax Payable', 'liability'),
(44, '2200', 'Wages Payable', 'liability'),
(45, '2300', 'Loans Payable', 'liability'),
(46, '3000', 'Owner Equity', 'equity'),
(47, '3100', 'Retained Earnings', 'equity'),
(48, '3200', 'Drawings', 'equity'),
(49, '4000', 'Sales Revenue', 'revenue'),
(50, '4100', 'Service Revenue', 'revenue'),
(51, '4200', 'Other Income', 'revenue'),
(52, '5000', 'Cost of Goods Sold', 'expense'),
(53, '5100', 'Salaries Expense', 'expense'),
(54, '5200', 'Rent Expense', 'expense'),
(55, '5300', 'Utilities Expense', 'expense'),
(56, '5400', 'Marketing Expense', 'expense'),
(57, '5500', 'Office Supplies', 'expense'),
(58, '5600', 'Depreciation Expense', 'expense'),
(59, '5700', 'Bank Charges', 'expense'),
(60, '5800', 'Miscellaneous Expense', 'expense'),
(61, '1000', 'Cash', 'asset'),
(62, '1100', 'Bank Account', 'asset'),
(63, '1200', 'Accounts Receivable', 'asset'),
(64, '1300', 'Inventory', 'asset'),
(65, '1400', 'Prepaid Expenses', 'asset'),
(66, '1500', 'Equipment', 'asset'),
(67, '1600', 'Accumulated Depreciation', 'asset'),
(68, '2000', 'Accounts Payable', 'liability'),
(69, '2100', 'Sales Tax Payable', 'liability'),
(70, '2200', 'Wages Payable', 'liability'),
(71, '2300', 'Loans Payable', 'liability'),
(72, '3000', 'Owner Equity', 'equity'),
(73, '3100', 'Retained Earnings', 'equity'),
(74, '3200', 'Drawings', 'equity'),
(75, '4000', 'Sales Revenue', 'revenue'),
(76, '4100', 'Service Revenue', 'revenue'),
(77, '4200', 'Other Income', 'revenue'),
(78, '5000', 'Cost of Goods Sold', 'expense'),
(79, '5100', 'Salaries Expense', 'expense'),
(80, '5200', 'Rent Expense', 'expense'),
(81, '5300', 'Utilities Expense', 'expense'),
(82, '5400', 'Marketing Expense', 'expense'),
(83, '5500', 'Office Supplies', 'expense'),
(84, '5600', 'Depreciation Expense', 'expense'),
(85, '5700', 'Bank Charges', 'expense'),
(86, '5800', 'Miscellaneous Expense', 'expense'),
(87, '1000', 'Cash', 'asset'),
(88, '1100', 'Bank Account', 'asset'),
(89, '1200', 'Accounts Receivable', 'asset'),
(90, '1300', 'Inventory', 'asset'),
(91, '1400', 'Prepaid Expenses', 'asset'),
(92, '1500', 'Equipment', 'asset'),
(93, '1600', 'Accumulated Depreciation', 'asset'),
(94, '2000', 'Accounts Payable', 'liability'),
(95, '2100', 'Sales Tax Payable', 'liability'),
(96, '2200', 'Wages Payable', 'liability'),
(97, '2300', 'Loans Payable', 'liability'),
(98, '3000', 'Owner Equity', 'equity'),
(99, '3100', 'Retained Earnings', 'equity'),
(100, '3200', 'Drawings', 'equity'),
(101, '4000', 'Sales Revenue', 'revenue'),
(102, '4100', 'Service Revenue', 'revenue'),
(103, '4200', 'Other Income', 'revenue'),
(104, '5000', 'Cost of Goods Sold', 'expense'),
(105, '5100', 'Salaries Expense', 'expense'),
(106, '5200', 'Rent Expense', 'expense'),
(107, '5300', 'Utilities Expense', 'expense'),
(108, '5400', 'Marketing Expense', 'expense'),
(109, '5500', 'Office Supplies', 'expense'),
(110, '5600', 'Depreciation Expense', 'expense'),
(111, '5700', 'Bank Charges', 'expense'),
(112, '5800', 'Miscellaneous Expense', 'expense');

-- --------------------------------------------------------

--
-- Table structure for table `conversations`
--

CREATE TABLE `conversations` (
  `id` int(11) NOT NULL,
  `customer_id` int(11) DEFAULT NULL,
  `channel` enum('whatsapp','instagram','facebook','web','email','phone') DEFAULT NULL,
  `status` enum('open','closed','pending') DEFAULT 'open',
  `created_at` timestamp NOT NULL DEFAULT current_timestamp(),
  `updated_at` timestamp NOT NULL DEFAULT current_timestamp() ON UPDATE current_timestamp()
) ENGINE=InnoDB DEFAULT CHARSET=utf8mb4 COLLATE=utf8mb4_general_ci;

--
-- Dumping data for table `conversations`
--

INSERT INTO `conversations` (`id`, `customer_id`, `channel`, `status`, `created_at`, `updated_at`) VALUES
(1, 1, 'whatsapp', 'open', '2025-11-28 09:30:47', '2025-11-28 09:30:47'),
(2, 2, 'instagram', 'open', '2025-11-28 09:30:47', '2025-11-28 09:30:47'),
(3, 3, 'whatsapp', 'closed', '2025-11-28 09:30:47', '2025-11-28 09:30:47');

-- --------------------------------------------------------

--
-- Table structure for table `customers`
--

CREATE TABLE `customers` (
  `id` int(11) NOT NULL,
  `name` varchar(120) NOT NULL,
  `phone` varchar(30) DEFAULT NULL,
  `email` varchar(120) DEFAULT NULL,
  `address` varchar(255) DEFAULT NULL,
  `source` enum('walkin','whatsapp','instagram','facebook','web','phone') DEFAULT NULL
) ENGINE=InnoDB DEFAULT CHARSET=utf8mb4 COLLATE=utf8mb4_general_ci;

--
-- Dumping data for table `customers`
--

INSERT INTO `customers` (`id`, `name`, `phone`, `email`, `address`, `source`) VALUES
(1, 'Acme School', '+250780000001', 'contact@acmeschool.rw', 'KG 123 St, Kigali', 'web'),
(2, 'Bright Church', '+250780000002', 'info@brightchurch.rw', 'KN 45 Ave, Kigali', 'whatsapp'),
(3, 'Downtown Cafe', '+250780000003', 'hello@downtowncafe.rw', 'Downtown mall, Kigali', 'walkin'),
(4, 'City University', '+250780000004', 'marketing@cityuni.rw', 'KG 555 Blvd, Kigali', 'instagram'),
(5, 'Kanyange', '0793498102', 'iradukundaelie71@gmail.com', 'Kigali, nyamata', 'whatsapp'),
(6, 'Yankurije Christine', '0723229200', 'eaabirambo@gmail.com', 'RN1', ''),
(7, 'Dorogoba', '0786690654', 'mugisha@gmail.com', 'Kigali, nyamata', 'facebook'),
(8, 'Kinuma', '0780339454', 'iradukunda71@gmail.com', 'Kigali, nyamata', 'whatsapp'),
(9, 'Elysee Tuyikunde', '', 'elieiradukunda2050@gmail.com', 'Kigali, nyamata', 'web'),
(11, 'Rukundo Patrick', NULL, 'ruku@gmail.com', 'Kimihurura, kayonza', 'web'),
(12, 'Kimozera', '0793498103', 'kimo@gmail.com', 'Kirehe', 'whatsapp'),
(13, 'Hipopo', '0786658976', 'jaja@gmail.com', 'RN1', 'walkin'),
(14, 'Cyakaka', '+250793489766', 'kamana@gmail.com', 'Kimihurura, kayonza', 'walkin'),
(15, 'Hozana', '0791724884', 'dhozana559@gmail.com', 'Kimihurura, kayonza', 'whatsapp');

-- --------------------------------------------------------

--
-- Table structure for table `ecommerce_orders`
--

CREATE TABLE `ecommerce_orders` (
  `id` int(11) NOT NULL,
  `customer_id` int(11) DEFAULT NULL,
  `total_amount` decimal(12,2) NOT NULL,
  `status` enum('pending','processing','shipped','delivered','cancelled') DEFAULT 'pending',
  `shipping_address` text DEFAULT NULL,
  `shipping_city` varchar(100) DEFAULT NULL,
  `shipping_zip` varchar(20) DEFAULT NULL,
  `payment_method` varchar(50) DEFAULT 'cod',
  `payment_status` enum('pending','paid','failed') DEFAULT 'pending',
  `created_at` timestamp NOT NULL DEFAULT current_timestamp()
) ENGINE=InnoDB DEFAULT CHARSET=utf8mb4 COLLATE=utf8mb4_general_ci;

--
-- Dumping data for table `ecommerce_orders`
--

INSERT INTO `ecommerce_orders` (`id`, `customer_id`, `total_amount`, `status`, `shipping_address`, `shipping_city`, `shipping_zip`, `payment_method`, `payment_status`, `created_at`) VALUES
(1, 9, 130000.00, 'pending', 'Kigali, nyamata', 'Nyamata,eastern, bugesera', '3456', 'cod', 'pending', '2025-11-30 23:09:12'),
(2, 9, 130000.00, 'pending', 'Kigali, nyamata', 'Nyamata,eastern, bugesera', '3456', 'cod', 'pending', '2025-11-30 23:11:13'),
(3, 9, 130000.00, 'pending', 'Kigali, nyamata', 'Nyamata,eastern, bugesera', '3456', 'cod', 'pending', '2025-11-30 23:18:36'),
(4, 9, 160000.00, 'pending', 'Kimihurura, kayonza', 'Nyamata,eastern, bugesera', '3456', 'cod', 'pending', '2025-11-30 23:25:14'),
(5, 9, 230000.00, 'pending', 'Kigali, nyamata', 'Nyamata,eastern, bugesera', '3456', 'cod', 'pending', '2025-11-30 23:28:57'),
(6, 11, 160000.00, 'pending', 'Kimihurura, kayonza', 'Nyamata,eastern, bugesera', '3456', 'cod', 'pending', '2025-12-02 08:52:11'),
(7, 11, 40000.00, 'pending', 'Kimihurura, kayonza', 'Nyamata,eastern, bugesera', '000000', 'mtn', 'pending', '2025-12-02 09:00:12');

-- --------------------------------------------------------

--
-- Table structure for table `ecommerce_order_items`
--

CREATE TABLE `ecommerce_order_items` (
  `id` int(11) NOT NULL,
  `order_id` int(11) DEFAULT NULL,
  `product_id` int(11) DEFAULT NULL,
  `quantity` int(11) NOT NULL,
  `price` decimal(12,2) NOT NULL
) ENGINE=InnoDB DEFAULT CHARSET=utf8mb4 COLLATE=utf8mb4_general_ci;

--
-- Dumping data for table `ecommerce_order_items`
--

INSERT INTO `ecommerce_order_items` (`id`, `order_id`, `product_id`, `quantity`, `price`) VALUES
(1, 1, 11, 1, 80000.00),
(2, 1, 13, 1, 50000.00),
(3, 2, 11, 1, 80000.00),
(4, 2, 13, 1, 50000.00),
(5, 3, 11, 1, 80000.00),
(6, 3, 13, 1, 50000.00),
(7, 4, 20, 4, 10000.00),
(8, 4, 21, 4, 30000.00),
(9, 5, 11, 1, 80000.00),
(10, 5, 1, 1, 150000.00),
(11, 6, 20, 1, 10000.00),
(12, 6, 1, 1, 150000.00),
(13, 7, 20, 1, 10000.00),
(14, 7, 21, 1, 30000.00);

-- --------------------------------------------------------

--
-- Table structure for table `invoices`
--

CREATE TABLE `invoices` (
  `id` int(11) NOT NULL,
  `order_id` int(11) DEFAULT NULL,
  `amount` decimal(12,2) DEFAULT NULL,
  `status` enum('unpaid','partial','paid') DEFAULT 'unpaid',
  `created_at` timestamp NOT NULL DEFAULT current_timestamp()
) ENGINE=InnoDB DEFAULT CHARSET=utf8mb4 COLLATE=utf8mb4_general_ci;

--
-- Dumping data for table `invoices`
--

INSERT INTO `invoices` (`id`, `order_id`, `amount`, `status`, `created_at`) VALUES
(1, 1, 500000.00, 'paid', '2025-11-28 09:30:47'),
(2, 2, 85000.00, 'paid', '2025-11-28 09:30:47'),
(3, 4, 220000.00, 'paid', '2025-11-30 12:32:27'),
(4, 35, 35400.00, 'paid', '2025-12-02 15:40:24'),
(5, 42, 177000.00, 'paid', '2025-12-02 15:48:16'),
(6, 49, 59000.00, 'paid', '2025-12-02 15:49:05'),
(7, 56, 11800.00, 'paid', '2025-12-02 16:30:41'),
(8, 57, 59000.00, 'paid', '2025-12-02 17:02:02'),
(9, 59, 354000.00, 'paid', '2025-12-02 19:03:17'),
(10, 58, 10000.00, 'paid', '2025-12-03 13:20:47');

-- --------------------------------------------------------

--
-- Table structure for table `journal_entries`
--

CREATE TABLE `journal_entries` (
  `id` int(11) NOT NULL,
  `date` date DEFAULT NULL,
  `description` text DEFAULT NULL,
  `status` enum('draft','posted') DEFAULT 'draft'
) ENGINE=InnoDB DEFAULT CHARSET=utf8mb4 COLLATE=utf8mb4_general_ci;

--
-- Dumping data for table `journal_entries`
--

INSERT INTO `journal_entries` (`id`, `date`, `description`, `status`) VALUES
(1, '2025-11-18', 'Opening balances', 'posted'),
(2, '2025-11-23', 'Inventory purchase', 'posted'),
(3, '2025-11-26', 'POS sales', 'posted'),
(4, '2025-12-02', 'POS Sale #34 - Cash Sale', 'posted'),
(5, '2025-12-02', 'POS Sale #34 - Cost of Goods Sold', 'posted'),
(6, '2025-12-02', 'POS Sale #35 - Cash Sale', 'draft'),
(7, '2025-12-02', 'POS Sale #35 - Cost of Goods Sold', 'draft');

-- --------------------------------------------------------

--
-- Table structure for table `journal_lines`
--

CREATE TABLE `journal_lines` (
  `id` int(11) NOT NULL,
  `journal_id` int(11) DEFAULT NULL,
  `account_id` int(11) DEFAULT NULL,
  `debit` decimal(12,2) DEFAULT 0.00,
  `credit` decimal(12,2) DEFAULT 0.00
) ENGINE=InnoDB DEFAULT CHARSET=utf8mb4 COLLATE=utf8mb4_general_ci;

--
-- Dumping data for table `journal_lines`
--

INSERT INTO `journal_lines` (`id`, `journal_id`, `account_id`, `debit`, `credit`) VALUES
(1, 1, 1, 1000000.00, 0.00),
(2, 1, 5, 0.00, 1000000.00),
(3, 2, 3, 800000.00, 0.00),
(4, 2, 4, 0.00, 800000.00),
(5, 3, 1, 50000.00, 0.00),
(6, 3, 6, 0.00, 50000.00),
(7, 4, 9, 59000.00, 0.00),
(8, 4, 23, 0.00, 59000.00),
(9, 5, 26, 30000.00, 0.00),
(10, 5, 12, 0.00, 30000.00),
(11, 6, 61, 354000.00, 0.00),
(12, 6, 75, 0.00, 354000.00),
(13, 7, 78, 180000.00, 0.00),
(14, 7, 64, 0.00, 180000.00);

-- --------------------------------------------------------

--
-- Table structure for table `leads`
--

CREATE TABLE `leads` (
  `id` int(11) NOT NULL,
  `customer_id` int(11) DEFAULT NULL,
  `channel` enum('whatsapp','instagram','facebook','web') DEFAULT NULL,
  `status` enum('new','contacted','converted','lost') DEFAULT 'new'
) ENGINE=InnoDB DEFAULT CHARSET=utf8mb4 COLLATE=utf8mb4_general_ci;

--
-- Dumping data for table `leads`
--

INSERT INTO `leads` (`id`, `customer_id`, `channel`, `status`) VALUES
(1, 1, 'web', 'converted'),
(2, 2, 'whatsapp', 'contacted'),
(3, 3, 'whatsapp', 'new'),
(4, 4, 'instagram', 'contacted'),
(5, 5, 'whatsapp', 'new'),
(6, 7, 'facebook', 'new'),
(7, 8, 'whatsapp', 'new'),
(8, 12, 'whatsapp', 'new'),
(9, 13, 'web', 'new'),
(10, 15, 'whatsapp', 'new');

-- --------------------------------------------------------

--
-- Table structure for table `lead_items`
--

CREATE TABLE `lead_items` (
  `id` int(11) NOT NULL,
  `lead_id` int(11) NOT NULL,
  `material_id` int(11) NOT NULL,
  `quantity` decimal(12,2) DEFAULT 1.00
) ENGINE=InnoDB DEFAULT CHARSET=utf8mb4 COLLATE=utf8mb4_general_ci;

--
-- Dumping data for table `lead_items`
--

INSERT INTO `lead_items` (`id`, `lead_id`, `material_id`, `quantity`) VALUES
(1, 9, 8, 20.00),
(2, 10, 8, 3.00),
(3, 10, 4, 5.00);

-- --------------------------------------------------------

--
-- Table structure for table `materials`
--

CREATE TABLE `materials` (
  `id` int(11) NOT NULL,
  `name` varchar(120) DEFAULT NULL,
  `unit` varchar(50) DEFAULT NULL,
  `category` varchar(100) DEFAULT NULL,
  `reorder_level` int(11) DEFAULT 0,
  `current_stock` decimal(12,2) DEFAULT 0.00
) ENGINE=InnoDB DEFAULT CHARSET=utf8mb4 COLLATE=utf8mb4_general_ci;

--
-- Dumping data for table `materials`
--

INSERT INTO `materials` (`id`, `name`, `unit`, `category`, `reorder_level`, `current_stock`) VALUES
(1, 'PVC Banner Roll 3m', 'meter', 'Large format', 50, 200.00),
(2, 'Vinyl Sticker Roll', 'meter', 'Large format', 30, 200.00),
(3, 'A4 130gsm Gloss', 'sheet', 'Digital print', 500, 3500.00),
(4, 'Lamination Film 32mic', 'meter', 'Finishing', 100, 795.00),
(7, 'Vinily', '300', 'Uper unil', 20, 300.00),
(8, 'Murambo', '200', 'Murambo shop', 20, 177.00),
(9, 'Kimo', '400', 'Loof', 30, 400.00),
(10, 'Pen', '300', 'Bic', 20, 200.00);

-- --------------------------------------------------------

--
-- Table structure for table `messages`
--

CREATE TABLE `messages` (
  `id` int(11) NOT NULL,
  `conversation_id` int(11) DEFAULT NULL,
  `sender` enum('customer','staff') DEFAULT NULL,
  `message` text DEFAULT NULL,
  `attachments` text DEFAULT NULL,
  `created_at` timestamp NOT NULL DEFAULT current_timestamp()
) ENGINE=InnoDB DEFAULT CHARSET=utf8mb4 COLLATE=utf8mb4_general_ci;

--
-- Dumping data for table `messages`
--

INSERT INTO `messages` (`id`, `conversation_id`, `sender`, `message`, `attachments`, `created_at`) VALUES
(1, 1, 'customer', 'Hi, we need 5 large banners for the school opening.', NULL, '2025-11-28 09:30:47'),
(2, 1, 'staff', 'Great, we can do that for you. I will prepare a quote.', NULL, '2025-11-28 09:30:47'),
(3, 1, 'customer', 'Please also add 5 roll-up stands.', NULL, '2025-11-28 09:30:47'),
(4, 2, 'customer', 'Can you design posters for our upcoming event?', NULL, '2025-11-28 09:30:47'),
(5, 2, 'staff', 'Yes, please share the event details and dates.', NULL, '2025-11-28 09:30:47'),
(6, 3, 'customer', 'Thanks, the menus look great!', NULL, '2025-11-28 09:30:47');

-- --------------------------------------------------------

--
-- Table structure for table `orders`
--

CREATE TABLE `orders` (
  `id` int(11) NOT NULL,
  `quote_id` int(11) DEFAULT NULL,
  `customer_id` int(11) DEFAULT NULL,
  `status` enum('design','prepress','print','finishing','qa','ready','delivered') DEFAULT NULL,
  `due_date` date DEFAULT NULL,
  `deposit_paid` decimal(12,2) DEFAULT 0.00,
  `balance` decimal(12,2) DEFAULT 0.00,
  `created_at` timestamp NOT NULL DEFAULT current_timestamp(),
  `total_amount` decimal(12,2) NOT NULL DEFAULT 0.00,
  `created_by` int(11) DEFAULT NULL
) ENGINE=InnoDB DEFAULT CHARSET=utf8mb4 COLLATE=utf8mb4_general_ci;

--
-- Dumping data for table `orders`
--

INSERT INTO `orders` (`id`, `quote_id`, `customer_id`, `status`, `due_date`, `deposit_paid`, `balance`, `created_at`, `total_amount`, `created_by`) VALUES
(1, 1, 1, 'delivered', '2025-12-01', 250000.00, 250000.00, '2025-11-28 09:30:47', 0.00, NULL),
(2, 3, 3, 'delivered', '2025-11-29', 42500.00, 42500.00, '2025-11-28 09:30:47', 0.00, NULL),
(4, 2, 2, 'delivered', NULL, 0.00, 0.00, '2025-11-28 11:51:32', 220000.00, 19),
(5, 4, 13, 'ready', NULL, 0.00, 10000.00, '2025-12-02 11:48:55', 0.00, NULL),
(6, NULL, 7, 'ready', NULL, 0.00, 590000.00, '2025-12-02 15:13:00', 0.00, NULL),
(7, NULL, 1, 'ready', NULL, 0.00, 177000.00, '2025-12-02 15:13:57', 0.00, NULL),
(8, NULL, 2, 'ready', NULL, 0.00, 177000.00, '2025-12-02 15:19:59', 0.00, NULL),
(9, NULL, 2, 'ready', NULL, 0.00, 177000.00, '2025-12-02 15:19:59', 0.00, NULL),
(10, NULL, 2, 'ready', NULL, 0.00, 177000.00, '2025-12-02 15:19:59', 0.00, NULL),
(11, NULL, 2, 'ready', NULL, 0.00, 177000.00, '2025-12-02 15:19:59', 0.00, NULL),
(12, NULL, 2, 'ready', NULL, 0.00, 177000.00, '2025-12-02 15:19:59', 0.00, NULL),
(13, NULL, 2, 'ready', NULL, 0.00, 177000.00, '2025-12-02 15:19:59', 0.00, NULL),
(14, NULL, 2, 'ready', NULL, 0.00, 177000.00, '2025-12-02 15:19:59', 0.00, NULL),
(15, NULL, 2, 'ready', NULL, 0.00, 177000.00, '2025-12-02 15:20:05', 0.00, NULL),
(16, NULL, 2, 'ready', NULL, 0.00, 177000.00, '2025-12-02 15:20:05', 0.00, NULL),
(17, NULL, 2, 'ready', NULL, 0.00, 177000.00, '2025-12-02 15:20:05', 0.00, NULL),
(18, NULL, 2, 'ready', NULL, 0.00, 177000.00, '2025-12-02 15:20:05', 0.00, NULL),
(19, NULL, 2, 'ready', NULL, 0.00, 177000.00, '2025-12-02 15:20:05', 0.00, NULL),
(20, NULL, 2, 'ready', NULL, 0.00, 177000.00, '2025-12-02 15:20:05', 0.00, NULL),
(21, NULL, 2, 'ready', NULL, 0.00, 177000.00, '2025-12-02 15:20:05', 0.00, NULL),
(22, NULL, 1, 'ready', NULL, 0.00, 11800.00, '2025-12-02 15:21:27', 0.00, NULL),
(23, NULL, 1, 'ready', NULL, 0.00, 11800.00, '2025-12-02 15:21:27', 0.00, NULL),
(24, NULL, 1, 'ready', NULL, 0.00, 11800.00, '2025-12-02 15:21:27', 0.00, NULL),
(25, NULL, 1, 'ready', NULL, 0.00, 11800.00, '2025-12-02 15:21:27', 0.00, NULL),
(26, NULL, 1, 'ready', NULL, 0.00, 11800.00, '2025-12-02 15:21:27', 0.00, NULL),
(27, NULL, 1, 'ready', NULL, 0.00, 11800.00, '2025-12-02 15:21:27', 0.00, NULL),
(28, NULL, 1, 'ready', NULL, 0.00, 11800.00, '2025-12-02 15:21:27', 0.00, NULL),
(29, NULL, 14, 'ready', NULL, 0.00, 35400.00, '2025-12-02 15:40:23', 0.00, NULL),
(30, NULL, 14, 'ready', NULL, 0.00, 35400.00, '2025-12-02 15:40:23', 0.00, NULL),
(31, NULL, 14, 'ready', NULL, 0.00, 35400.00, '2025-12-02 15:40:23', 0.00, NULL),
(32, NULL, 14, 'ready', NULL, 0.00, 35400.00, '2025-12-02 15:40:23', 0.00, NULL),
(33, NULL, 14, 'ready', NULL, 0.00, 35400.00, '2025-12-02 15:40:23', 0.00, NULL),
(34, NULL, 14, 'ready', NULL, 0.00, 35400.00, '2025-12-02 15:40:23', 0.00, NULL),
(35, NULL, 14, 'ready', NULL, 0.00, 35400.00, '2025-12-02 15:40:23', 0.00, NULL),
(36, NULL, 7, 'ready', NULL, 0.00, 177000.00, '2025-12-02 15:48:16', 0.00, NULL),
(37, NULL, 7, 'ready', NULL, 0.00, 177000.00, '2025-12-02 15:48:16', 0.00, NULL),
(38, NULL, 7, 'ready', NULL, 0.00, 177000.00, '2025-12-02 15:48:16', 0.00, NULL),
(39, NULL, 7, 'ready', NULL, 0.00, 177000.00, '2025-12-02 15:48:16', 0.00, NULL),
(40, NULL, 7, 'ready', NULL, 0.00, 177000.00, '2025-12-02 15:48:16', 0.00, NULL),
(41, NULL, 7, 'ready', NULL, 0.00, 177000.00, '2025-12-02 15:48:16', 0.00, NULL),
(42, NULL, 7, 'ready', NULL, 0.00, 177000.00, '2025-12-02 15:48:16', 0.00, NULL),
(43, NULL, 7, 'ready', NULL, 0.00, 59000.00, '2025-12-02 15:49:04', 0.00, NULL),
(44, NULL, 7, 'ready', NULL, 0.00, 59000.00, '2025-12-02 15:49:04', 0.00, NULL),
(45, NULL, 7, 'ready', NULL, 0.00, 59000.00, '2025-12-02 15:49:04', 0.00, NULL),
(46, NULL, 7, 'ready', NULL, 0.00, 59000.00, '2025-12-02 15:49:04', 0.00, NULL),
(47, NULL, 7, 'ready', NULL, 0.00, 59000.00, '2025-12-02 15:49:04', 0.00, NULL),
(48, NULL, 7, 'ready', NULL, 0.00, 59000.00, '2025-12-02 15:49:04', 0.00, NULL),
(49, NULL, 7, 'ready', NULL, 0.00, 59000.00, '2025-12-02 15:49:04', 0.00, NULL),
(50, NULL, 4, 'ready', NULL, 0.00, 11800.00, '2025-12-02 16:30:41', 0.00, NULL),
(51, NULL, 4, 'ready', NULL, 0.00, 11800.00, '2025-12-02 16:30:41', 0.00, NULL),
(52, NULL, 4, 'ready', NULL, 0.00, 11800.00, '2025-12-02 16:30:41', 0.00, NULL),
(53, NULL, 4, 'ready', NULL, 0.00, 11800.00, '2025-12-02 16:30:41', 0.00, NULL),
(54, NULL, 4, 'ready', NULL, 0.00, 11800.00, '2025-12-02 16:30:41', 0.00, NULL),
(55, NULL, 4, 'ready', NULL, 0.00, 11800.00, '2025-12-02 16:30:41', 0.00, NULL),
(56, NULL, 4, 'ready', NULL, 0.00, 11800.00, '2025-12-02 16:30:41', 0.00, NULL),
(57, NULL, 2, 'delivered', NULL, 0.00, 59000.00, '2025-12-02 17:02:02', 0.00, NULL),
(58, 5, 15, 'delivered', NULL, 0.00, 18000.00, '2025-12-02 18:49:56', 0.00, NULL),
(59, NULL, 1, 'ready', NULL, 0.00, 354000.00, '2025-12-02 19:03:16', 0.00, NULL);

-- --------------------------------------------------------

--
-- Table structure for table `payments`
--

CREATE TABLE `payments` (
  `id` int(11) NOT NULL,
  `invoice_id` int(11) DEFAULT NULL,
  `method` varchar(50) DEFAULT 'cash',
  `amount` decimal(12,2) DEFAULT NULL,
  `user_id` int(11) DEFAULT NULL,
  `reference` varchar(120) DEFAULT NULL,
  `status` enum('pending','completed','failed') DEFAULT 'completed',
  `gateway` varchar(50) DEFAULT 'cash',
  `gateway_transaction_id` varchar(255) DEFAULT NULL,
  `gateway_response` text DEFAULT NULL,
  `customer_phone` varchar(20) DEFAULT NULL,
  `created_at` timestamp NOT NULL DEFAULT current_timestamp()
) ENGINE=InnoDB DEFAULT CHARSET=utf8mb4 COLLATE=utf8mb4_general_ci;

--
-- Dumping data for table `payments`
--

INSERT INTO `payments` (`id`, `invoice_id`, `method`, `amount`, `user_id`, `reference`, `status`, `gateway`, `gateway_transaction_id`, `gateway_response`, `customer_phone`, `created_at`) VALUES
(1, 1, 'cash', 250000.00, 1, 'DEP-ACME-001', 'completed', 'cash', NULL, NULL, NULL, '2025-11-28 09:30:47'),
(2, 1, 'lanari', 500000.00, 3, 'failed', 'failed', 'lanari', 'failed', '{\"success\":false,\"message\":\"Failed to send payment request\",\"transaction_ref\":\"4468f445-bf3d-45f2-ac8f-7e62d1f5bc61\",\"status\":\"failed\",\"error\":\"Payment Failed Check users Balance\",\"gateway_response\":{\"status\":400,\"data\":{\"message\":\"Payment Failed Check users Balance\"}}}', '0793498102', '2025-11-28 13:43:16'),
(3, 1, 'lanari', 5.00, 1, 'failed', 'failed', 'lanari', 'failed', '{}', '0793498102', '2025-11-28 13:46:29'),
(4, 1, 'lanari', 200.00, 3, '5c5f3742-5e30-4e1d-aeca-cba61c91a872', 'completed', 'lanari', '5c5f3742-5e30-4e1d-aeca-cba61c91a872', '{\"success\":true,\"message\":\"Payment request sent. Waiting for customer confirmation. No response received within timeout period.\",\"transaction_ref\":\"5c5f3742-5e30-4e1d-aeca-cba61c91a872\",\"status\":\"pending\",\"amount\":200,\"gateway_response\":{\"status\":200,\"data\":{\"transaction_id\":\"5c5f3742-5e30-4e1d-aeca-cba61c91a872\",\"amount\":\"200\",\"status\":\"PENDING\"}},\"note\":\"Payment request sent to customer. Use the status endpoint to check if payment was confirmed.\",\"timeout\":true}', '0793498102', '2025-11-28 19:10:25'),
(5, 1, 'lanari', 100.00, 3, 'a2dd8d9d-e85e-4560-af54-f977540ecb36', 'completed', 'lanari', 'a2dd8d9d-e85e-4560-af54-f977540ecb36', '{\"success\":true,\"message\":\"Payment request sent. Waiting for customer confirmation. No response received within timeout period.\",\"transaction_ref\":\"a2dd8d9d-e85e-4560-af54-f977540ecb36\",\"status\":\"pending\",\"amount\":100,\"gateway_response\":{\"status\":200,\"data\":{\"transaction_id\":\"a2dd8d9d-e85e-4560-af54-f977540ecb36\",\"amount\":\"100\",\"status\":\"PENDING\"}},\"note\":\"Payment request sent to customer. Use the status endpoint to check if payment was confirmed.\",\"timeout\":true}', '0793498102', '2025-11-29 02:54:41'),
(6, 3, 'lanari', 220000.00, 19, 'failed', 'failed', 'lanari', 'failed', '{\"success\":false,\"message\":\"Failed to send payment request\",\"transaction_ref\":\"eef5e63d-261c-474c-9587-b8a666663be1\",\"status\":\"failed\",\"error\":\"Payment Failed Check users Balance\",\"gateway_response\":{\"status\":400,\"data\":{\"message\":\"Payment Failed Check users Balance\"}}}', '0793498102', '2025-11-30 14:31:30'),
(7, 4, 'cash', 354000.00, 15, 'Payed', 'completed', 'cash', NULL, NULL, NULL, '2025-12-02 15:45:32'),
(8, 5, 'mobile_money', 177000.00, 5, 'POS-31-1764690499030', 'completed', 'cash', NULL, NULL, NULL, '2025-12-02 15:48:19'),
(9, 6, 'cash', 59000.00, 5, 'POS-32-1764690547669', 'completed', 'cash', NULL, NULL, NULL, '2025-12-02 15:49:07'),
(10, 3, 'card', 220000.00, 15, 'Payed', 'completed', 'cash', NULL, NULL, NULL, '2025-12-02 15:51:21'),
(11, 1, 'cash', 100000.00, 15, 'Payed', 'completed', 'cash', NULL, NULL, NULL, '2025-12-02 15:51:52'),
(12, 7, 'cash', 11800.00, 15, 'POS-33-1764693045230', 'completed', 'cash', NULL, NULL, NULL, '2025-12-02 16:30:45'),
(13, 2, 'cash', 30000.00, 15, 'Payed', 'completed', 'cash', NULL, NULL, NULL, '2025-12-02 16:33:15'),
(14, 8, 'cash', 59000.00, 15, 'POS-34-1764694946802', 'completed', 'cash', NULL, NULL, NULL, '2025-12-02 17:02:27'),
(15, 2, 'cash', 50000.00, 19, 'Payed', 'completed', 'cash', NULL, NULL, NULL, '2025-12-02 18:37:13'),
(16, 2, 'lanari', 100.00, 19, 'd8f5145d-c55d-414c-b2bf-66bd3eeb42f7', 'completed', 'lanari', 'd8f5145d-c55d-414c-b2bf-66bd3eeb42f7', '{\"success\":true,\"message\":\"Payment request sent. Waiting for customer confirmation. No response received within timeout period.\",\"transaction_ref\":\"d8f5145d-c55d-414c-b2bf-66bd3eeb42f7\",\"status\":\"pending\",\"amount\":100,\"gateway_response\":{\"status\":200,\"data\":{\"status\":\"SUCCESSFUL\",\"transaction_id\":\"d8f5145d-c55d-414c-b2bf-66bd3eeb42f7\",\"amount\":\"100\"}},\"note\":\"Payment request sent to customer. Use the status endpoint to check if payment was confirmed.\",\"timeout\":true}', '0791724884', '2025-12-02 18:38:49'),
(17, 9, 'cash', 354000.00, 5, 'POS-35-1764702218380', 'completed', 'cash', NULL, NULL, NULL, '2025-12-02 19:03:38'),
(18, 10, 'cash', 5000.00, 15, 'Payed', 'completed', 'cash', NULL, NULL, NULL, '2025-12-03 13:22:15'),
(19, 10, 'cash', 3000.00, 15, NULL, 'completed', 'cash', NULL, NULL, NULL, '2025-12-03 13:26:04'),
(20, 10, 'cash', 1000.00, 15, NULL, 'completed', 'cash', NULL, NULL, NULL, '2025-12-03 13:28:43'),
(21, 10, 'cash', 1000.00, 15, NULL, 'completed', 'cash', NULL, NULL, NULL, '2025-12-03 13:29:39'),
(22, 2, 'cash', 4900.00, 15, NULL, 'completed', 'cash', NULL, NULL, NULL, '2025-12-03 13:30:28');

-- --------------------------------------------------------

--
-- Table structure for table `permissions`
--

CREATE TABLE `permissions` (
  `id` int(11) NOT NULL,
  `code` varchar(100) NOT NULL,
  `description` text DEFAULT NULL
) ENGINE=InnoDB DEFAULT CHARSET=utf8mb4 COLLATE=utf8mb4_general_ci;

--
-- Dumping data for table `permissions`
--

INSERT INTO `permissions` (`id`, `code`, `description`) VALUES
(1, 'user.manage', 'Create and manage user accounts'),
(2, 'role.manage', 'Create and manage roles and permissions'),
(3, 'audit.view', 'View audit logs'),
(4, 'settings.manage', 'Manage system-wide settings'),
(5, 'customer.manage', 'Create and manage customers'),
(6, 'customer.view', 'View customers'),
(7, 'lead.manage', 'Create and manage leads'),
(8, 'quote.manage', 'Create and manage quotes and quote items'),
(9, 'quote.view', 'View quotes'),
(10, 'quote.approve', 'Approve quotes to convert to orders'),
(11, 'order.update', 'Update order status'),
(12, 'order.view', 'View orders'),
(13, 'workorder.create', 'Create work orders'),
(14, 'workorder.update', 'Update work orders'),
(15, 'workorder.view', 'View work orders'),
(16, 'worklog.create', 'Log time and materials on work orders'),
(17, 'inventory.manage', 'Manage materials, suppliers, and purchase orders'),
(18, 'material.view', 'View materials and stock levels'),
(19, 'supplier.view', 'View suppliers'),
(20, 'invoice.create', 'Create invoices'),
(21, 'invoice.view', 'View invoices'),
(22, 'invoice.send', 'Send invoices to customers'),
(23, 'payment.create', 'Record payments'),
(24, 'payment.view', 'View payments'),
(25, 'payment.refund', 'Process payment refunds'),
(26, 'pos.create', 'Create POS sales'),
(27, 'journal.create', 'Create journal entries'),
(28, 'report.view', 'View financial and operational reports'),
(29, 'campaign.manage', 'Manage marketing campaigns'),
(30, 'campaign.launch', 'Launch marketing campaigns'),
(31, 'conversation.view', 'View conversations'),
(32, 'message.send', 'Send replies to customers'),
(33, 'ai.view', 'View AI predictions and insights'),
(34, 'file.upload', 'Upload files and artwork'),
(35, 'file.view', 'View uploaded files'),
(37, 'customer.create', 'Create new customers'),
(38, 'customer.update', 'Update existing customers'),
(39, 'lead.create', 'Create new leads'),
(40, 'lead.view', 'View leads'),
(41, 'quote.create', 'Create new quotes'),
(42, 'order.create', 'Create new orders'),
(43, 'message.create', 'Create/send messages'),
(44, 'message.view', 'View messages'),
(45, 'pos.view', 'View POS sales history'),
(46, 'user.view', 'View users'),
(47, 'material.create', 'Create materials'),
(48, 'po.create', 'Create purchase orders'),
(49, 'po.view', 'View purchase orders'),
(50, 'po.approve', 'Approve purchase orders'),
(51, 'ad.create', 'Create advertisements'),
(52, 'ad.view', 'View advertisements'),
(53, 'ad.edit', 'Edit advertisements'),
(54, 'ad.delete', 'Delete advertisements'),
(55, 'ad.publish', 'Publish advertisements');

-- --------------------------------------------------------

--
-- Table structure for table `pos_items`
--

CREATE TABLE `pos_items` (
  `id` int(11) NOT NULL,
  `pos_id` int(11) DEFAULT NULL,
  `item_id` int(11) DEFAULT NULL,
  `quantity` int(11) DEFAULT NULL,
  `price` decimal(12,2) DEFAULT NULL
) ENGINE=InnoDB DEFAULT CHARSET=utf8mb4 COLLATE=utf8mb4_general_ci;

--
-- Dumping data for table `pos_items`
--

INSERT INTO `pos_items` (`id`, `pos_id`, `item_id`, `quantity`, `price`) VALUES
(1, 1, 1, 1, 25000.00),
(2, 1, 3, 2, 5000.00),
(3, 2, 3, 4, 3000.00),
(4, 3, 2, 2, 19000.00),
(5, 13, 21, 1, 30000.00),
(6, 14, 21, 1, 30000.00),
(7, 15, 21, 1, 30000.00),
(8, 16, 21, 1, 30000.00),
(9, 17, 21, 1, 30000.00),
(10, 18, 21, 1, 30000.00),
(11, 19, 20, 1, 10000.00),
(12, 20, 20, 1, 10000.00),
(13, 21, 3, 1, 500000.00),
(14, 22, 3, 1, 500000.00),
(15, 22, 11, 1, 80000.00),
(16, 23, 3, 1, 500000.00),
(17, 23, 11, 2, 80000.00),
(18, 24, 1, 1, 150000.00),
(19, 25, 1, 1, 150000.00),
(20, 25, 11, 1, 80000.00),
(21, 26, 24, 1, 10000.00),
(22, 27, 1, 1, 150000.00),
(23, 28, 1, 1, 150000.00),
(24, 29, 24, 1, 10000.00),
(25, 30, 21, 1, 30000.00),
(26, 31, 1, 1, 150000.00),
(27, 32, 13, 1, 50000.00),
(28, 33, 20, 1, 10000.00),
(29, 34, 13, 1, 50000.00),
(30, 35, 1, 2, 150000.00);

-- --------------------------------------------------------

--
-- Table structure for table `pos_sales`
--

CREATE TABLE `pos_sales` (
  `id` int(11) NOT NULL,
  `customer_id` int(11) DEFAULT NULL,
  `cashier_id` int(11) DEFAULT NULL,
  `total` decimal(12,2) DEFAULT NULL,
  `created_at` timestamp NOT NULL DEFAULT current_timestamp()
) ENGINE=InnoDB DEFAULT CHARSET=utf8mb4 COLLATE=utf8mb4_general_ci;

--
-- Dumping data for table `pos_sales`
--

INSERT INTO `pos_sales` (`id`, `customer_id`, `cashier_id`, `total`, `created_at`) VALUES
(1, 3, 1, 35000.00, '2025-11-28 09:30:47'),
(2, NULL, 1, 12000.00, '2025-11-28 09:30:47'),
(3, 2, 1, 58000.00, '2025-11-28 09:30:47'),
(6, 7, 5, 0.00, '2025-12-02 13:10:29'),
(7, 14, 5, 0.00, '2025-12-02 13:11:14'),
(8, 7, 5, 0.00, '2025-12-02 13:17:15'),
(9, 7, 5, 129800.00, '2025-12-02 13:33:26'),
(10, 7, 5, 129800.00, '2025-12-02 13:33:29'),
(11, 7, 5, 129800.00, '2025-12-02 13:33:31'),
(12, 7, 5, 129800.00, '2025-12-02 13:34:34'),
(13, 7, 5, 129800.00, '2025-12-02 13:37:15'),
(14, 1, 5, 35400.00, '2025-12-02 13:37:28'),
(15, 1, 5, 625400.00, '2025-12-02 13:38:02'),
(16, 1, 5, 35400.00, '2025-12-02 13:46:38'),
(17, 1, 5, 35400.00, '2025-12-02 13:46:40'),
(18, 14, 5, 47200.00, '2025-12-02 13:51:28'),
(19, 1, 5, 11800.00, '2025-12-02 14:53:51'),
(20, 1, 5, 11800.00, '2025-12-02 14:53:55'),
(21, 7, 5, 590000.00, '2025-12-02 15:13:00'),
(22, 7, 5, 684400.00, '2025-12-02 15:13:12'),
(23, 7, 5, 778800.00, '2025-12-02 15:13:17'),
(24, 1, 5, 177000.00, '2025-12-02 15:13:57'),
(25, 1, 5, 271400.00, '2025-12-02 15:14:03'),
(26, 1, 5, 11800.00, '2025-12-02 15:14:09'),
(27, 2, 5, 177000.00, '2025-12-02 15:19:59'),
(28, 2, 5, 177000.00, '2025-12-02 15:20:05'),
(29, 1, 5, 11800.00, '2025-12-02 15:21:27'),
(30, 14, 5, 35400.00, '2025-12-02 15:40:23'),
(31, 7, 5, 177000.00, '2025-12-02 15:48:16'),
(32, 7, 5, 59000.00, '2025-12-02 15:49:04'),
(33, 4, 15, 11800.00, '2025-12-02 16:30:41'),
(34, 2, 15, 59000.00, '2025-12-02 17:02:02'),
(35, 1, 5, 354000.00, '2025-12-02 19:03:16');

-- --------------------------------------------------------

--
-- Table structure for table `products`
--

CREATE TABLE `products` (
  `id` int(11) NOT NULL,
  `name` varchar(255) NOT NULL,
  `description` text DEFAULT NULL,
  `price` decimal(12,2) NOT NULL,
  `image` varchar(255) DEFAULT NULL,
  `category` varchar(100) DEFAULT NULL,
  `stock_quantity` int(11) DEFAULT 0,
  `created_at` timestamp NOT NULL DEFAULT current_timestamp()
) ENGINE=InnoDB DEFAULT CHARSET=utf8mb4 COLLATE=utf8mb4_general_ci;

--
-- Dumping data for table `products`
--

INSERT INTO `products` (`id`, `name`, `description`, `price`, `image`, `category`, `stock_quantity`, `created_at`) VALUES
(1, 'Professional Logo Design Package', 'Complete brand identity with 3 logo concepts, unlimited revisions, and source files', 150000.00, 'https://images.unsplash.com/photo-1626785774573-4b799315345d?w=500&h=500&fit=crop', 'Branding & Identity', 91, '2025-11-30 20:41:38'),
(3, 'Website UI/UX Design', 'Modern responsive website design with 5 pages and interactive prototypes', 500000.00, 'https://images.unsplash.com/photo-1561070791-2526d30994b5?w=500&h=500&fit=crop', 'Digital Design', 47, '2025-11-30 20:41:38'),
(11, 'Email Newsletter Template', 'Responsive email template design for marketing campaigns', 80000.00, 'https://images.unsplash.com/photo-1563986768609-322da13575f3?w=500&h=500&fit=crop', 'Digital Design', 92, '2025-11-30 20:41:38'),
(13, 'T-Shirt Design', 'Creative t-shirt graphic design with unlimited revisions', 50000.00, 'https://images.unsplash.com/photo-1583743814966-8936f5b7be1a?w=500&h=500&fit=crop', 'Apparel Design', 95, '2025-11-30 20:41:38'),
(20, 'Hip', 'Machine', 10000.00, '/uploads/products/product-1764542936262-710642677.png', 'Upper', 11, '2025-11-30 22:48:58'),
(21, 'Epo', 'Machine', 30000.00, '/uploads/products/product-1764543108219-786688574.png', 'Loof', 14, '2025-11-30 22:51:50'),
(24, 'Katika', 'Katika house', 10000.00, '/uploads/products/product-1764665108583-245280972.png', 'Upper', 28, '2025-12-02 08:45:10'),
(25, 'PEN', 'This is bic', 200.00, '/uploads/products/product-1764702786487-514409176.png', 'Upper', 30, '2025-12-02 19:13:07');

-- --------------------------------------------------------

--
-- Table structure for table `purchase_orders`
--

CREATE TABLE `purchase_orders` (
  `id` int(11) NOT NULL,
  `reference_number` varchar(50) DEFAULT NULL,
  `supplier_id` int(11) DEFAULT NULL,
  `order_date` date DEFAULT curdate(),
  `expected_delivery` date DEFAULT NULL,
  `delivery_address` text DEFAULT NULL,
  `payment_terms` varchar(50) DEFAULT 'net_30',
  `notes` text DEFAULT NULL,
  `total` decimal(12,2) DEFAULT NULL,
  `subtotal` decimal(12,2) DEFAULT 0.00,
  `tax` decimal(12,2) DEFAULT 0.00,
  `created_by` int(11) DEFAULT NULL,
  `status` enum('pending','approved','sent','received') DEFAULT 'pending',
  `created_at` timestamp NOT NULL DEFAULT current_timestamp(),
  `updated_at` timestamp NOT NULL DEFAULT current_timestamp() ON UPDATE current_timestamp()
) ENGINE=InnoDB DEFAULT CHARSET=utf8mb4 COLLATE=utf8mb4_general_ci;

--
-- Dumping data for table `purchase_orders`
--

INSERT INTO `purchase_orders` (`id`, `reference_number`, `supplier_id`, `order_date`, `expected_delivery`, `delivery_address`, `payment_terms`, `notes`, `total`, `subtotal`, `tax`, `created_by`, `status`, `created_at`, `updated_at`) VALUES
(1, 'PO-000001', 1, '2025-12-03', NULL, NULL, 'net_30', NULL, 1500000.00, 0.00, 0.00, NULL, 'approved', '2025-11-28 09:30:47', '2025-12-03 19:32:01'),
(2, 'PO-000002', 2, '2025-12-03', NULL, NULL, 'net_30', NULL, 800000.00, 0.00, 0.00, NULL, 'sent', '2025-11-28 09:30:47', '2025-12-03 19:32:01'),
(3, 'PO-000003', 3, '2025-12-03', NULL, NULL, 'net_30', NULL, 650000.00, 0.00, 0.00, NULL, 'received', '2025-11-28 09:30:47', '2025-12-03 19:32:01'),
(4, 'PO-000004', 2, '2025-12-03', NULL, NULL, 'net_30', NULL, 3540.00, 0.00, 0.00, NULL, '', '2025-11-28 13:40:44', '2025-12-03 19:32:01'),
(5, 'PO-000005', 1, '2025-12-03', NULL, NULL, 'net_30', NULL, 47200.00, 0.00, 0.00, NULL, '', '2025-11-30 12:27:28', '2025-12-03 19:32:01'),
(6, 'PO-000006', 4, '2025-12-03', NULL, NULL, 'net_30', NULL, 3540.00, 0.00, 0.00, NULL, '', '2025-12-02 18:53:55', '2025-12-03 19:32:01'),
(7, NULL, 1, '2025-12-03', NULL, NULL, 'net_30', NULL, 35400.00, 0.00, 0.00, NULL, '', '2025-12-03 19:34:19', '2025-12-03 19:34:19'),
(8, NULL, 3, '2025-12-03', NULL, NULL, 'net_30', '', 82600.00, 0.00, 0.00, NULL, '', '2025-12-03 19:35:58', '2025-12-03 19:43:34'),
(9, 'PO-140865', 2, '2025-12-03', '2025-12-10', 'Kirehe', 'net_30', 'Purchase', 47200.00, 40000.00, 7200.00, 8, '', '2025-12-03 19:54:18', '2025-12-03 19:54:18');

-- --------------------------------------------------------

--
-- Table structure for table `purchase_order_items`
--

CREATE TABLE `purchase_order_items` (
  `id` int(11) NOT NULL,
  `purchase_order_id` int(11) DEFAULT NULL,
  `material_id` int(11) DEFAULT NULL,
  `quantity` decimal(12,2) DEFAULT NULL,
  `unit_price` decimal(12,2) DEFAULT NULL,
  `total` decimal(12,2) DEFAULT NULL
) ENGINE=InnoDB DEFAULT CHARSET=utf8mb4 COLLATE=utf8mb4_general_ci;

--
-- Dumping data for table `purchase_order_items`
--

INSERT INTO `purchase_order_items` (`id`, `purchase_order_id`, `material_id`, `quantity`, `unit_price`, `total`) VALUES
(1, 9, 8, 200.00, 200.00, 40000.00);

-- --------------------------------------------------------

--
-- Table structure for table `quotes`
--

CREATE TABLE `quotes` (
  `id` int(11) NOT NULL,
  `customer_id` int(11) DEFAULT NULL,
  `created_by` int(11) DEFAULT NULL,
  `total_amount` decimal(12,2) DEFAULT 0.00,
  `status` enum('pending','approved','rejected') DEFAULT 'pending',
  `created_at` timestamp NOT NULL DEFAULT current_timestamp(),
  `approved_by` int(11) DEFAULT NULL,
  `approved_at` timestamp NULL DEFAULT NULL
) ENGINE=InnoDB DEFAULT CHARSET=utf8mb4 COLLATE=utf8mb4_general_ci;

--
-- Dumping data for table `quotes`
--

INSERT INTO `quotes` (`id`, `customer_id`, `created_by`, `total_amount`, `status`, `created_at`, `approved_by`, `approved_at`) VALUES
(1, 1, 1, 500000.00, 'approved', '2025-11-28 09:30:47', NULL, NULL),
(2, 2, 1, 220000.00, 'approved', '2025-11-28 09:30:47', 19, '2025-11-28 11:51:32'),
(3, 3, 1, 85000.00, 'approved', '2025-11-28 09:30:47', NULL, NULL),
(4, 13, 19, 10000.00, 'approved', '2025-12-02 11:43:52', NULL, NULL),
(5, 15, 19, 18000.00, 'approved', '2025-12-02 18:49:21', NULL, NULL);

-- --------------------------------------------------------

--
-- Table structure for table `quote_items`
--

CREATE TABLE `quote_items` (
  `id` int(11) NOT NULL,
  `quote_id` int(11) DEFAULT NULL,
  `material_id` int(11) DEFAULT NULL,
  `description` varchar(255) DEFAULT NULL,
  `unit_price` decimal(12,2) DEFAULT NULL,
  `quantity` int(11) DEFAULT NULL,
  `total` decimal(12,2) DEFAULT NULL
) ENGINE=InnoDB DEFAULT CHARSET=utf8mb4 COLLATE=utf8mb4_general_ci;

--
-- Dumping data for table `quote_items`
--

INSERT INTO `quote_items` (`id`, `quote_id`, `material_id`, `description`, `unit_price`, `quantity`, `total`) VALUES
(1, 1, NULL, 'PVC banner 3m x 1m', 50000.00, 5, 250000.00),
(2, 1, NULL, 'Roll-up stand design & print', 50000.00, 5, 250000.00),
(3, 2, NULL, 'A5 flyers full color (1000pcs)', 220.00, 500, 110000.00),
(4, 2, NULL, 'A2 posters (100pcs)', 1100.00, 100, 110000.00),
(5, 3, NULL, 'Table menu A4 laminated (50pcs)', 1700.00, 50, 85000.00),
(6, 4, 8, 'Murambo', 500.00, 20, 10000.00),
(7, 5, 8, 'Murambo', 1000.00, 3, 3000.00),
(8, 5, 4, 'Lamination Film 32mic', 3000.00, 5, 15000.00);

-- --------------------------------------------------------

--
-- Table structure for table `roles`
--

CREATE TABLE `roles` (
  `id` int(11) NOT NULL,
  `name` varchar(50) NOT NULL,
  `description` text DEFAULT NULL
) ENGINE=InnoDB DEFAULT CHARSET=utf8mb4 COLLATE=utf8mb4_general_ci;

--
-- Dumping data for table `roles`
--

INSERT INTO `roles` (`id`, `name`, `description`) VALUES
(1, 'owner', 'System owner with full access'),
(2, 'admin', 'System administrator'),
(3, 'accountant', 'Finance and accounting'),
(4, 'controller', 'Operations controller'),
(5, 'reception', 'Front desk and customer service'),
(6, 'technician', 'Production technician'),
(7, 'production_manager', 'Production manager'),
(8, 'inventory_manager', 'Inventory and purchasing'),
(9, 'sales_rep', 'Sales representative'),
(10, 'marketing', 'Marketing team'),
(11, 'pos_cashier', 'Point of sale operator'),
(12, 'support_agent', 'Customer support'),
(13, 'customer', 'E-commerce customer');

-- --------------------------------------------------------

--
-- Table structure for table `role_permissions`
--

CREATE TABLE `role_permissions` (
  `role_id` int(11) NOT NULL,
  `permission_id` int(11) NOT NULL
) ENGINE=InnoDB DEFAULT CHARSET=utf8mb4 COLLATE=utf8mb4_general_ci;

--
-- Dumping data for table `role_permissions`
--

INSERT INTO `role_permissions` (`role_id`, `permission_id`) VALUES
(1, 1),
(1, 2),
(1, 3),
(1, 4),
(1, 5),
(1, 6),
(1, 7),
(1, 8),
(1, 9),
(1, 10),
(1, 11),
(1, 12),
(1, 13),
(1, 14),
(1, 15),
(1, 16),
(1, 17),
(1, 18),
(1, 19),
(1, 20),
(1, 21),
(1, 22),
(1, 23),
(1, 24),
(1, 25),
(1, 26),
(1, 27),
(1, 28),
(1, 29),
(1, 30),
(1, 31),
(1, 32),
(1, 33),
(1, 34),
(1, 35),
(1, 37),
(1, 38),
(1, 39),
(1, 40),
(1, 41),
(1, 42),
(1, 43),
(1, 44),
(1, 45),
(1, 46),
(1, 47),
(1, 48),
(1, 49),
(1, 50),
(1, 51),
(1, 52),
(1, 53),
(1, 54),
(1, 55),
(2, 6),
(2, 12),
(2, 26),
(2, 31),
(2, 32),
(2, 34),
(3, 5),
(3, 6),
(3, 11),
(3, 12),
(3, 20),
(3, 21),
(3, 22),
(3, 23),
(3, 24),
(3, 25),
(3, 26),
(3, 27),
(3, 28),
(3, 31),
(3, 38),
(3, 39),
(3, 40),
(3, 42),
(3, 44),
(3, 50),
(4, 6),
(4, 28),
(4, 31),
(4, 32),
(4, 33),
(4, 34),
(5, 4),
(5, 5),
(5, 6),
(5, 7),
(5, 8),
(5, 9),
(5, 10),
(5, 12),
(5, 15),
(5, 18),
(5, 20),
(5, 21),
(5, 22),
(5, 23),
(5, 24),
(5, 25),
(5, 26),
(5, 27),
(5, 28),
(5, 31),
(5, 32),
(5, 34),
(5, 35),
(5, 37),
(5, 38),
(5, 39),
(5, 40),
(5, 41),
(5, 42),
(5, 43),
(5, 44),
(5, 45),
(5, 47),
(5, 49),
(6, 11),
(6, 12),
(6, 13),
(6, 14),
(6, 15),
(6, 18),
(6, 28),
(6, 33),
(6, 42),
(9, 5),
(9, 6),
(9, 7),
(9, 8),
(9, 9),
(9, 18),
(9, 28),
(9, 29),
(9, 30),
(9, 37),
(9, 38),
(9, 39),
(9, 40),
(10, 29),
(10, 30),
(10, 31),
(10, 33),
(10, 51),
(10, 52),
(10, 53),
(10, 54),
(10, 55);

-- --------------------------------------------------------

--
-- Table structure for table `stock_movements`
--

CREATE TABLE `stock_movements` (
  `id` int(11) NOT NULL,
  `material_id` int(11) DEFAULT NULL,
  `type` enum('grn','issue','return','adjustment','damage') DEFAULT NULL,
  `quantity` decimal(12,2) DEFAULT NULL,
  `reference` varchar(120) DEFAULT NULL,
  `user_id` int(11) DEFAULT NULL,
  `created_at` timestamp NOT NULL DEFAULT current_timestamp()
) ENGINE=InnoDB DEFAULT CHARSET=utf8mb4 COLLATE=utf8mb4_general_ci;

--
-- Dumping data for table `stock_movements`
--

INSERT INTO `stock_movements` (`id`, `material_id`, `type`, `quantity`, `reference`, `user_id`, `created_at`) VALUES
(1, 1, 'grn', 100.00, 'PO-1', 1, '2025-11-28 09:30:47'),
(2, 3, 'grn', 2000.00, 'PO-2', 1, '2025-11-28 09:30:47'),
(3, 1, 'issue', 30.00, 'ORDER-1', 1, '2025-11-28 09:30:47'),
(4, 3, 'issue', 500.00, 'ORDER-2', 1, '2025-11-28 09:30:47'),
(5, 2, 'adjustment', -5.00, 'Damage - print head issue', 1, '2025-11-28 09:30:47'),
(6, 2, 'adjustment', 200.00, 'PO', 8, '2025-11-28 19:25:34'),
(7, 3, '', 300.00, 'Work', 8, '2025-11-28 19:26:00'),
(8, 3, '', 1000.00, 'Work', 8, '2025-11-28 20:02:20'),
(9, 7, 'grn', 300.00, NULL, 8, '2025-12-02 08:30:07'),
(10, 8, 'grn', 200.00, NULL, 8, '2025-12-02 08:31:05'),
(11, 9, 'grn', 400.00, 'PO', 8, '2025-12-02 09:37:19'),
(12, 8, 'issue', 20.00, 'ORDER-5', 19, '2025-12-02 11:48:55'),
(21, 3, 'issue', 1.00, 'POS-21', 5, '2025-12-02 15:13:00'),
(22, 3, 'issue', 1.00, 'POS-22', 5, '2025-12-02 15:13:12'),
(24, 3, 'issue', 1.00, 'POS-23', 5, '2025-12-02 15:13:17'),
(26, 1, 'issue', 1.00, 'POS-24', 5, '2025-12-02 15:13:57'),
(27, 1, 'issue', 1.00, 'POS-25', 5, '2025-12-02 15:14:03'),
(30, 8, 'issue', 3.00, 'ORDER-58', 19, '2025-12-02 18:49:56'),
(31, 4, 'issue', 5.00, 'ORDER-58', 19, '2025-12-02 18:49:56'),
(32, 10, 'grn', 300.00, NULL, 8, '2025-12-02 19:11:44'),
(33, 10, 'issue', 100.00, NULL, 8, '2025-12-02 19:12:13'),
(34, 3, 'issue', 200.00, NULL, 8, '2025-12-03 19:57:34');

-- --------------------------------------------------------

--
-- Table structure for table `suppliers`
--

CREATE TABLE `suppliers` (
  `id` int(11) NOT NULL,
  `name` varchar(120) DEFAULT NULL,
  `contact` varchar(120) DEFAULT NULL,
  `email` varchar(120) DEFAULT NULL,
  `phone` varchar(30) DEFAULT NULL,
  `address` text DEFAULT NULL,
  `city` varchar(100) DEFAULT NULL,
  `country` varchar(100) DEFAULT 'Rwanda',
  `tax_id` varchar(50) DEFAULT NULL,
  `payment_terms` varchar(50) DEFAULT 'net_30',
  `bank_name` varchar(120) DEFAULT NULL,
  `bank_account` varchar(50) DEFAULT NULL,
  `notes` text DEFAULT NULL,
  `is_active` tinyint(1) DEFAULT 1,
  `created_at` timestamp NOT NULL DEFAULT current_timestamp(),
  `updated_at` timestamp NOT NULL DEFAULT current_timestamp() ON UPDATE current_timestamp(),
  `rating` int(11) DEFAULT 0
) ENGINE=InnoDB DEFAULT CHARSET=utf8mb4 COLLATE=utf8mb4_general_ci;

--
-- Dumping data for table `suppliers`
--

INSERT INTO `suppliers` (`id`, `name`, `contact`, `email`, `phone`, `address`, `city`, `country`, `tax_id`, `payment_terms`, `bank_name`, `bank_account`, `notes`, `is_active`, `created_at`, `updated_at`, `rating`) VALUES
(1, 'Rwanda Print Supplies', '+250780010010', NULL, NULL, NULL, NULL, 'Rwanda', NULL, 'net_30', NULL, NULL, NULL, 1, '2025-12-03 19:52:28', '2025-12-03 19:52:28', 5),
(2, 'East Africa Papers', '+250780010020', 'kigali@gmail.com', '+250785567098', 'Kigali', 'Kigali', 'Rwanda', '1234567', 'net_30', NULL, NULL, NULL, 1, '2025-12-03 19:52:28', '2025-12-03 20:09:51', 4),
(3, 'WideFormat Imports', '+250780010030', NULL, NULL, NULL, NULL, 'Rwanda', NULL, 'net_30', NULL, NULL, NULL, 1, '2025-12-03 19:52:28', '2025-12-03 19:52:28', 4),
(4, 'Mugisha', 'Patrick', 'eaabirambo@gmail.com', '+250723229200', 'RN1', 'Kigali', 'Rwanda', '123456', 'net_30', 'BK', '12345678', 'qwertyu', 1, '2025-12-03 19:52:28', '2025-12-03 20:07:21', 4),
(5, 'Kamugisha', 'Jean', 'kamugisha@gmail.com', '+250785562298', NULL, NULL, 'Rwanda', '1234567', 'net_30', NULL, NULL, NULL, 1, '2025-12-03 19:55:47', '2025-12-03 20:05:28', 4),
(6, 'Kami', 'Kazi', 'kami@gmail.com', '+250723229200', 'RN1', 'Muhororo', 'Rwanda', '1234567', 'due_on_receipt', 'Bk', '4567890', 'qwertyu', 1, '2025-12-03 20:08:53', '2025-12-03 20:08:53', 4),
(7, 'Mukamana', 'Kalisa', 'mukama@gmail.com', '+250786689098', 'Kigali', 'Kigali', 'Rwanda', '1234567', 'due_on_receipt', 'Bk', '4567890', 'qwertyu', 1, '2025-12-03 20:33:35', '2025-12-03 20:33:35', 4);

-- --------------------------------------------------------

--
-- Table structure for table `users`
--

CREATE TABLE `users` (
  `id` int(11) NOT NULL,
  `name` varchar(100) NOT NULL,
  `email` varchar(120) DEFAULT NULL,
  `phone` varchar(30) DEFAULT NULL,
  `password_hash` varchar(255) NOT NULL,
  `role_id` int(11) DEFAULT NULL,
  `status` enum('active','disabled') DEFAULT 'active'
) ENGINE=InnoDB DEFAULT CHARSET=utf8mb4 COLLATE=utf8mb4_general_ci;

--
-- Dumping data for table `users`
--

INSERT INTO `users` (`id`, `name`, `email`, `phone`, `password_hash`, `role_id`, `status`) VALUES
(1, 'Owner', 'owner@topdesign.com', '+250700000001', '$2b$10$xcQ/pQlbcqCH2nQRXiQ6juAr4KGRyf4dDXv5fyw3mYMpW/bYhVce2', 1, 'active'),
(2, 'Sys Admin', 'sysadmin@topdesign.com', '+250700000002', '$2b$10$xcQ/pQlbcqCH2nQRXiQ6juAr4KGRyf4dDXv5fyw3mYMpW/bYhVce2', 2, 'active'),
(3, 'Hozana accountant', 'accountant@topdesign.com', '+250700000003', '$2b$10$xcQ/pQlbcqCH2nQRXiQ6juAr4KGRyf4dDXv5fyw3mYMpW/bYhVce2', 2, 'active'),
(4, 'Controller', 'controller@topdesign.com', '+250700000004', '$2b$10$xcQ/pQlbcqCH2nQRXiQ6juAr4KGRyf4dDXv5fyw3mYMpW/bYhVce2', 4, 'active'),
(5, 'Reception', 'reception@topdesign.com', '+250700000005', '$2b$10$xcQ/pQlbcqCH2nQRXiQ6juAr4KGRyf4dDXv5fyw3mYMpW/bYhVce2', 5, 'active'),
(6, 'Technician 1', 'tech1@topdesign.com', '+250700000006', '$2b$10$xcQ/pQlbcqCH2nQRXiQ6juAr4KGRyf4dDXv5fyw3mYMpW/bYhVce2', 6, 'active'),
(7, 'Prod Manager', 'prod.manager@topdesign.com', '+250700000007', '$2b$10$xcQ/pQlbcqCH2nQRXiQ6juAr4KGRyf4dDXv5fyw3mYMpW/bYhVce2', 7, 'active'),
(8, 'Storekeeper', 'store@topdesign.com', '+250700000008', '$2b$10$xcQ/pQlbcqCH2nQRXiQ6juAr4KGRyf4dDXv5fyw3mYMpW/bYhVce2', 8, 'active'),
(9, 'Sales Rep', 'sales@topdesign.com', '+250700000009', '$2b$10$xcQ/pQlbcqCH2nQRXiQ6juAr4KGRyf4dDXv5fyw3mYMpW/bYhVce2', 9, 'active'),
(10, 'Marketing officer', 'marketing@topdesign.com', '+250700000010', '$2b$10$xcQ/pQlbcqCH2nQRXiQ6juAr4KGRyf4dDXv5fyw3mYMpW/bYhVce2', 10, 'active'),
(11, 'Cashier', 'cashier@topdesign.com', '+250700000011', '$2b$10$xcQ/pQlbcqCH2nQRXiQ6juAr4KGRyf4dDXv5fyw3mYMpW/bYhVce2', 11, 'active'),
(12, 'Support', 'support@topdesign.com', '+250700000012', '$2b$10$xcQ/pQlbcqCH2nQRXiQ6juAr4KGRyf4dDXv5fyw3mYMpW/bYhVce2', 12, 'active'),
(13, 'System Administrator', 'admin@smartmarket.com', '+1234567890', '$2b$10$xcQ/pQlbcqCH2nQRXiQ6juAr4KGRyf4dDXv5fyw3mYMpW/bYhVce2', 1, 'active'),
(14, 'Front Desk Reception', 'reception@smartmarket.com', '+250780000010', '$2b$10$xcQ/pQlbcqCH2nQRXiQ6juAr4KGRyf4dDXv5fyw3mYMpW/bYhVce2', 2, 'active'),
(15, 'Finance Accountant', 'accountant@smartmarket.com', '+250780000011', '$2b$10$xcQ/pQlbcqCH2nQRXiQ6juAr4KGRyf4dDXv5fyw3mYMpW/bYhVce2', 3, 'active'),
(16, 'Marketing Officer', 'marketing@smartmarket.com', '+250780000012', '$2b$10$xcQ/pQlbcqCH2nQRXiQ6juAr4KGRyf4dDXv5fyw3mYMpW/bYhVce2', 4, 'active'),
(17, 'Floor Technician', 'technician@smartmarket.com', '+250780000013', '$2b$10$xcQ/pQlbcqCH2nQRXiQ6juAr4KGRyf4dDXv5fyw3mYMpW/bYhVce2', 5, 'active'),
(18, 'Inventory Controller', 'controller@smartmarket.com', '+250780000014', '$2b$10$xcQ/pQlbcqCH2nQRXiQ6juAr4KGRyf4dDXv5fyw3mYMpW/bYhVce2', 6, 'active'),
(19, 'Iradukunda Elie', 'iradukundaelie71@gmail.com', '+250780000015', '$2b$10$xcQ/pQlbcqCH2nQRXiQ6juAr4KGRyf4dDXv5fyw3mYMpW/bYhVce2', 1, 'active'),
(20, 'Elysee Tuyikunde', 'mukam@gmail.com', 'store@topdesign.com', '$2a$10$nUiwo3vfrdFKXpVtt9VRK.wGBJLkNusJRH.mXSfjunE5Vxy.7rvc2', 13, 'active'),
(21, 'Rukundo Patrick', 'ruku@gmail.com', '+250786689098', '$2a$10$0fyTgAxmT7cUp/tm6ARYluG8uRBmoPMOTMizSKVXGlfKj49DP.RkW', 13, 'active'),
(22, 'Hozana', 'dhozana559@gmail.com', '0791724884', '$2a$10$nP46ZYvtFgMbrLeQZKsmu.yhOXEDnbsLDF9N9Y0hqjB1CnTrGS9B.', 3, 'active'),
(23, 'Kagabo', 'kagabo@gmail.com', '+250785567098', '$2a$10$RYniM1y5eVMY99EfdN8Ht.yrPFnYLyX7hlBj9kOxaR5M37Cjmb2NW', 5, 'active');

-- --------------------------------------------------------

--
-- Table structure for table `work_logs`
--

CREATE TABLE `work_logs` (
  `id` int(11) NOT NULL,
  `work_order_id` int(11) DEFAULT NULL,
  `technician_id` int(11) DEFAULT NULL,
  `time_spent_minutes` int(11) DEFAULT NULL,
  `material_used` text DEFAULT NULL,
  `created_at` timestamp NOT NULL DEFAULT current_timestamp()
) ENGINE=InnoDB DEFAULT CHARSET=utf8mb4 COLLATE=utf8mb4_general_ci;

--
-- Dumping data for table `work_logs`
--

INSERT INTO `work_logs` (`id`, `work_order_id`, `technician_id`, `time_spent_minutes`, `material_used`, `created_at`) VALUES
(1, 1, 1, 120, 'Design time for banners and roll-ups', '2025-11-28 09:30:47'),
(2, 2, 1, 90, 'Pre-press checks and imposition', '2025-11-28 09:30:47'),
(3, 3, 1, 60, 'First print run on PVC roll', '2025-11-28 09:30:47'),
(4, 4, 1, 45, 'Menu design variants', '2025-11-28 09:30:47'),
(5, 5, 1, 30, 'Pre-press proofing', '2025-11-28 09:30:47');

-- --------------------------------------------------------

--
-- Table structure for table `work_orders`
--

CREATE TABLE `work_orders` (
  `id` int(11) NOT NULL,
  `order_id` int(11) DEFAULT NULL,
  `stage` enum('design','prepress','print','finishing','qa') DEFAULT NULL,
  `assigned_to` int(11) DEFAULT NULL,
  `started_at` datetime DEFAULT NULL,
  `ended_at` datetime DEFAULT NULL,
  `notes` text DEFAULT NULL,
  `status` enum('pending','in_progress','completed','on_hold') DEFAULT 'pending'
) ENGINE=InnoDB DEFAULT CHARSET=utf8mb4 COLLATE=utf8mb4_general_ci;

--
-- Dumping data for table `work_orders`
--

INSERT INTO `work_orders` (`id`, `order_id`, `stage`, `assigned_to`, `started_at`, `ended_at`, `notes`, `status`) VALUES
(1, 1, 'design', 1, '2025-11-25 11:30:47', '2025-11-26 11:30:47', 'Initial layouts approved.', 'pending'),
(2, 1, 'prepress', 1, '2025-11-26 11:30:47', '2025-11-27 11:30:47', 'Files prepared for large format.', 'pending'),
(3, 1, 'print', 1, '2025-11-27 11:30:47', NULL, 'Printing in progress.', 'pending'),
(4, 2, 'design', 1, '2025-11-27 11:30:47', '2025-11-27 15:30:47', 'Menu layout finalized.', 'pending'),
(5, 2, 'prepress', 1, '2025-11-27 15:30:47', '2025-11-28 01:30:47', 'Color profiles adjusted.', 'pending'),
(6, 4, 'design', 19, NULL, NULL, NULL, 'pending'),
(7, 5, 'design', NULL, '2025-12-02 13:48:55', NULL, NULL, 'pending'),
(8, 45, 'print', 5, NULL, NULL, NULL, 'pending'),
(9, 58, 'design', NULL, '2025-12-02 20:49:56', NULL, NULL, 'pending');

--
-- Indexes for dumped tables
--

--
-- Indexes for table `ads`
--
ALTER TABLE `ads`
  ADD PRIMARY KEY (`id`),
  ADD KEY `created_by` (`created_by`),
  ADD KEY `idx_ads_active` (`is_active`,`start_date`,`end_date`,`display_order`);

--
-- Indexes for table `ad_performance`
--
ALTER TABLE `ad_performance`
  ADD PRIMARY KEY (`id`),
  ADD KEY `campaign_id` (`campaign_id`);

--
-- Indexes for table `ai_predictions`
--
ALTER TABLE `ai_predictions`
  ADD PRIMARY KEY (`id`);

--
-- Indexes for table `artwork_files`
--
ALTER TABLE `artwork_files`
  ADD PRIMARY KEY (`id`),
  ADD KEY `quote_id` (`quote_id`),
  ADD KEY `order_id` (`order_id`);

--
-- Indexes for table `audit_logs`
--
ALTER TABLE `audit_logs`
  ADD PRIMARY KEY (`id`),
  ADD KEY `user_id` (`user_id`);

--
-- Indexes for table `bom`
--
ALTER TABLE `bom`
  ADD PRIMARY KEY (`id`),
  ADD KEY `material_id` (`material_id`);

--
-- Indexes for table `campaigns`
--
ALTER TABLE `campaigns`
  ADD PRIMARY KEY (`id`);

--
-- Indexes for table `chart_of_accounts`
--
ALTER TABLE `chart_of_accounts`
  ADD PRIMARY KEY (`id`);

--
-- Indexes for table `conversations`
--
ALTER TABLE `conversations`
  ADD PRIMARY KEY (`id`),
  ADD KEY `customer_id` (`customer_id`);

--
-- Indexes for table `customers`
--
ALTER TABLE `customers`
  ADD PRIMARY KEY (`id`),
  ADD UNIQUE KEY `phone` (`phone`);

--
-- Indexes for table `ecommerce_orders`
--
ALTER TABLE `ecommerce_orders`
  ADD PRIMARY KEY (`id`),
  ADD KEY `customer_id` (`customer_id`);

--
-- Indexes for table `ecommerce_order_items`
--
ALTER TABLE `ecommerce_order_items`
  ADD PRIMARY KEY (`id`),
  ADD KEY `order_id` (`order_id`),
  ADD KEY `product_id` (`product_id`);

--
-- Indexes for table `invoices`
--
ALTER TABLE `invoices`
  ADD PRIMARY KEY (`id`),
  ADD KEY `order_id` (`order_id`);

--
-- Indexes for table `journal_entries`
--
ALTER TABLE `journal_entries`
  ADD PRIMARY KEY (`id`);

--
-- Indexes for table `journal_lines`
--
ALTER TABLE `journal_lines`
  ADD PRIMARY KEY (`id`),
  ADD KEY `journal_id` (`journal_id`),
  ADD KEY `account_id` (`account_id`);

--
-- Indexes for table `leads`
--
ALTER TABLE `leads`
  ADD PRIMARY KEY (`id`),
  ADD KEY `customer_id` (`customer_id`);

--
-- Indexes for table `lead_items`
--
ALTER TABLE `lead_items`
  ADD PRIMARY KEY (`id`),
  ADD KEY `lead_id` (`lead_id`),
  ADD KEY `material_id` (`material_id`);

--
-- Indexes for table `materials`
--
ALTER TABLE `materials`
  ADD PRIMARY KEY (`id`);

--
-- Indexes for table `messages`
--
ALTER TABLE `messages`
  ADD PRIMARY KEY (`id`),
  ADD KEY `conversation_id` (`conversation_id`);

--
-- Indexes for table `orders`
--
ALTER TABLE `orders`
  ADD PRIMARY KEY (`id`),
  ADD KEY `quote_id` (`quote_id`),
  ADD KEY `customer_id` (`customer_id`),
  ADD KEY `created_by` (`created_by`);

--
-- Indexes for table `payments`
--
ALTER TABLE `payments`
  ADD PRIMARY KEY (`id`),
  ADD KEY `invoice_id` (`invoice_id`),
  ADD KEY `user_id` (`user_id`);

--
-- Indexes for table `permissions`
--
ALTER TABLE `permissions`
  ADD PRIMARY KEY (`id`),
  ADD UNIQUE KEY `code` (`code`);

--
-- Indexes for table `pos_items`
--
ALTER TABLE `pos_items`
  ADD PRIMARY KEY (`id`),
  ADD KEY `pos_id` (`pos_id`);

--
-- Indexes for table `pos_sales`
--
ALTER TABLE `pos_sales`
  ADD PRIMARY KEY (`id`),
  ADD KEY `customer_id` (`customer_id`),
  ADD KEY `cashier_id` (`cashier_id`);

--
-- Indexes for table `products`
--
ALTER TABLE `products`
  ADD PRIMARY KEY (`id`),
  ADD KEY `idx_products_category` (`category`),
  ADD KEY `idx_products_created_at` (`created_at`);

--
-- Indexes for table `purchase_orders`
--
ALTER TABLE `purchase_orders`
  ADD PRIMARY KEY (`id`),
  ADD UNIQUE KEY `reference_number` (`reference_number`),
  ADD KEY `idx_po_reference` (`reference_number`),
  ADD KEY `idx_po_supplier` (`supplier_id`),
  ADD KEY `idx_po_status` (`status`),
  ADD KEY `idx_po_created_by` (`created_by`);

--
-- Indexes for table `purchase_order_items`
--
ALTER TABLE `purchase_order_items`
  ADD PRIMARY KEY (`id`),
  ADD KEY `purchase_order_id` (`purchase_order_id`),
  ADD KEY `material_id` (`material_id`);

--
-- Indexes for table `quotes`
--
ALTER TABLE `quotes`
  ADD PRIMARY KEY (`id`),
  ADD KEY `customer_id` (`customer_id`),
  ADD KEY `created_by` (`created_by`),
  ADD KEY `approved_by` (`approved_by`);

--
-- Indexes for table `quote_items`
--
ALTER TABLE `quote_items`
  ADD PRIMARY KEY (`id`),
  ADD KEY `quote_id` (`quote_id`),
  ADD KEY `material_id` (`material_id`);

--
-- Indexes for table `roles`
--
ALTER TABLE `roles`
  ADD PRIMARY KEY (`id`);

--
-- Indexes for table `role_permissions`
--
ALTER TABLE `role_permissions`
  ADD PRIMARY KEY (`role_id`,`permission_id`),
  ADD KEY `permission_id` (`permission_id`);

--
-- Indexes for table `stock_movements`
--
ALTER TABLE `stock_movements`
  ADD PRIMARY KEY (`id`),
  ADD KEY `material_id` (`material_id`),
  ADD KEY `user_id` (`user_id`);

--
-- Indexes for table `suppliers`
--
ALTER TABLE `suppliers`
  ADD PRIMARY KEY (`id`),
  ADD KEY `idx_supplier_name` (`name`),
  ADD KEY `idx_supplier_email` (`email`),
  ADD KEY `idx_supplier_phone` (`phone`),
  ADD KEY `idx_supplier_active` (`is_active`);

--
-- Indexes for table `users`
--
ALTER TABLE `users`
  ADD PRIMARY KEY (`id`),
  ADD UNIQUE KEY `email` (`email`),
  ADD UNIQUE KEY `phone` (`phone`),
  ADD KEY `role_id` (`role_id`);

--
-- Indexes for table `work_logs`
--
ALTER TABLE `work_logs`
  ADD PRIMARY KEY (`id`),
  ADD KEY `work_order_id` (`work_order_id`),
  ADD KEY `technician_id` (`technician_id`);

--
-- Indexes for table `work_orders`
--
ALTER TABLE `work_orders`
  ADD PRIMARY KEY (`id`),
  ADD KEY `order_id` (`order_id`),
  ADD KEY `assigned_to` (`assigned_to`);

--
-- AUTO_INCREMENT for dumped tables
--

--
-- AUTO_INCREMENT for table `ads`
--
ALTER TABLE `ads`
  MODIFY `id` int(11) NOT NULL AUTO_INCREMENT, AUTO_INCREMENT=5;

--
-- AUTO_INCREMENT for table `ad_performance`
--
ALTER TABLE `ad_performance`
  MODIFY `id` int(11) NOT NULL AUTO_INCREMENT, AUTO_INCREMENT=6;

--
-- AUTO_INCREMENT for table `ai_predictions`
--
ALTER TABLE `ai_predictions`
  MODIFY `id` int(11) NOT NULL AUTO_INCREMENT, AUTO_INCREMENT=8075;

--
-- AUTO_INCREMENT for table `artwork_files`
--
ALTER TABLE `artwork_files`
  MODIFY `id` int(11) NOT NULL AUTO_INCREMENT, AUTO_INCREMENT=4;

--
-- AUTO_INCREMENT for table `audit_logs`
--
ALTER TABLE `audit_logs`
  MODIFY `id` int(11) NOT NULL AUTO_INCREMENT, AUTO_INCREMENT=98;

--
-- AUTO_INCREMENT for table `bom`
--
ALTER TABLE `bom`
  MODIFY `id` int(11) NOT NULL AUTO_INCREMENT, AUTO_INCREMENT=5;

--
-- AUTO_INCREMENT for table `campaigns`
--
ALTER TABLE `campaigns`
  MODIFY `id` int(11) NOT NULL AUTO_INCREMENT, AUTO_INCREMENT=5;

--
-- AUTO_INCREMENT for table `chart_of_accounts`
--
ALTER TABLE `chart_of_accounts`
  MODIFY `id` int(11) NOT NULL AUTO_INCREMENT, AUTO_INCREMENT=113;

--
-- AUTO_INCREMENT for table `conversations`
--
ALTER TABLE `conversations`
  MODIFY `id` int(11) NOT NULL AUTO_INCREMENT, AUTO_INCREMENT=4;

--
-- AUTO_INCREMENT for table `customers`
--
ALTER TABLE `customers`
  MODIFY `id` int(11) NOT NULL AUTO_INCREMENT, AUTO_INCREMENT=16;

--
-- AUTO_INCREMENT for table `ecommerce_orders`
--
ALTER TABLE `ecommerce_orders`
  MODIFY `id` int(11) NOT NULL AUTO_INCREMENT, AUTO_INCREMENT=8;

--
-- AUTO_INCREMENT for table `ecommerce_order_items`
--
ALTER TABLE `ecommerce_order_items`
  MODIFY `id` int(11) NOT NULL AUTO_INCREMENT, AUTO_INCREMENT=15;

--
-- AUTO_INCREMENT for table `invoices`
--
ALTER TABLE `invoices`
  MODIFY `id` int(11) NOT NULL AUTO_INCREMENT, AUTO_INCREMENT=11;

--
-- AUTO_INCREMENT for table `journal_entries`
--
ALTER TABLE `journal_entries`
  MODIFY `id` int(11) NOT NULL AUTO_INCREMENT, AUTO_INCREMENT=8;

--
-- AUTO_INCREMENT for table `journal_lines`
--
ALTER TABLE `journal_lines`
  MODIFY `id` int(11) NOT NULL AUTO_INCREMENT, AUTO_INCREMENT=15;

--
-- AUTO_INCREMENT for table `leads`
--
ALTER TABLE `leads`
  MODIFY `id` int(11) NOT NULL AUTO_INCREMENT, AUTO_INCREMENT=11;

--
-- AUTO_INCREMENT for table `lead_items`
--
ALTER TABLE `lead_items`
  MODIFY `id` int(11) NOT NULL AUTO_INCREMENT, AUTO_INCREMENT=4;

--
-- AUTO_INCREMENT for table `materials`
--
ALTER TABLE `materials`
  MODIFY `id` int(11) NOT NULL AUTO_INCREMENT, AUTO_INCREMENT=11;

--
-- AUTO_INCREMENT for table `messages`
--
ALTER TABLE `messages`
  MODIFY `id` int(11) NOT NULL AUTO_INCREMENT, AUTO_INCREMENT=7;

--
-- AUTO_INCREMENT for table `orders`
--
ALTER TABLE `orders`
  MODIFY `id` int(11) NOT NULL AUTO_INCREMENT, AUTO_INCREMENT=60;

--
-- AUTO_INCREMENT for table `payments`
--
ALTER TABLE `payments`
  MODIFY `id` int(11) NOT NULL AUTO_INCREMENT, AUTO_INCREMENT=23;

--
-- AUTO_INCREMENT for table `permissions`
--
ALTER TABLE `permissions`
  MODIFY `id` int(11) NOT NULL AUTO_INCREMENT, AUTO_INCREMENT=56;

--
-- AUTO_INCREMENT for table `pos_items`
--
ALTER TABLE `pos_items`
  MODIFY `id` int(11) NOT NULL AUTO_INCREMENT, AUTO_INCREMENT=31;

--
-- AUTO_INCREMENT for table `pos_sales`
--
ALTER TABLE `pos_sales`
  MODIFY `id` int(11) NOT NULL AUTO_INCREMENT, AUTO_INCREMENT=36;

--
-- AUTO_INCREMENT for table `products`
--
ALTER TABLE `products`
  MODIFY `id` int(11) NOT NULL AUTO_INCREMENT, AUTO_INCREMENT=26;

--
-- AUTO_INCREMENT for table `purchase_orders`
--
ALTER TABLE `purchase_orders`
  MODIFY `id` int(11) NOT NULL AUTO_INCREMENT, AUTO_INCREMENT=10;

--
-- AUTO_INCREMENT for table `purchase_order_items`
--
ALTER TABLE `purchase_order_items`
  MODIFY `id` int(11) NOT NULL AUTO_INCREMENT, AUTO_INCREMENT=2;

--
-- AUTO_INCREMENT for table `quotes`
--
ALTER TABLE `quotes`
  MODIFY `id` int(11) NOT NULL AUTO_INCREMENT, AUTO_INCREMENT=6;

--
-- AUTO_INCREMENT for table `quote_items`
--
ALTER TABLE `quote_items`
  MODIFY `id` int(11) NOT NULL AUTO_INCREMENT, AUTO_INCREMENT=9;

--
-- AUTO_INCREMENT for table `roles`
--
ALTER TABLE `roles`
  MODIFY `id` int(11) NOT NULL AUTO_INCREMENT, AUTO_INCREMENT=14;

--
-- AUTO_INCREMENT for table `stock_movements`
--
ALTER TABLE `stock_movements`
  MODIFY `id` int(11) NOT NULL AUTO_INCREMENT, AUTO_INCREMENT=35;

--
-- AUTO_INCREMENT for table `suppliers`
--
ALTER TABLE `suppliers`
  MODIFY `id` int(11) NOT NULL AUTO_INCREMENT, AUTO_INCREMENT=8;

--
-- AUTO_INCREMENT for table `users`
--
ALTER TABLE `users`
  MODIFY `id` int(11) NOT NULL AUTO_INCREMENT, AUTO_INCREMENT=24;

--
-- AUTO_INCREMENT for table `work_logs`
--
ALTER TABLE `work_logs`
  MODIFY `id` int(11) NOT NULL AUTO_INCREMENT, AUTO_INCREMENT=6;

--
-- AUTO_INCREMENT for table `work_orders`
--
ALTER TABLE `work_orders`
  MODIFY `id` int(11) NOT NULL AUTO_INCREMENT, AUTO_INCREMENT=10;

--
-- Constraints for dumped tables
--

--
-- Constraints for table `ads`
--
ALTER TABLE `ads`
  ADD CONSTRAINT `ads_ibfk_1` FOREIGN KEY (`created_by`) REFERENCES `users` (`id`);

--
-- Constraints for table `ad_performance`
--
ALTER TABLE `ad_performance`
  ADD CONSTRAINT `ad_performance_ibfk_1` FOREIGN KEY (`campaign_id`) REFERENCES `campaigns` (`id`);

--
-- Constraints for table `artwork_files`
--
ALTER TABLE `artwork_files`
  ADD CONSTRAINT `artwork_files_ibfk_1` FOREIGN KEY (`quote_id`) REFERENCES `quotes` (`id`),
  ADD CONSTRAINT `artwork_files_ibfk_2` FOREIGN KEY (`order_id`) REFERENCES `quotes` (`id`);

--
-- Constraints for table `audit_logs`
--
ALTER TABLE `audit_logs`
  ADD CONSTRAINT `audit_logs_ibfk_1` FOREIGN KEY (`user_id`) REFERENCES `users` (`id`);

--
-- Constraints for table `bom`
--
ALTER TABLE `bom`
  ADD CONSTRAINT `bom_ibfk_1` FOREIGN KEY (`material_id`) REFERENCES `materials` (`id`);

--
-- Constraints for table `conversations`
--
ALTER TABLE `conversations`
  ADD CONSTRAINT `conversations_ibfk_1` FOREIGN KEY (`customer_id`) REFERENCES `customers` (`id`);

--
-- Constraints for table `ecommerce_orders`
--
ALTER TABLE `ecommerce_orders`
  ADD CONSTRAINT `ecommerce_orders_ibfk_1` FOREIGN KEY (`customer_id`) REFERENCES `customers` (`id`);

--
-- Constraints for table `ecommerce_order_items`
--
ALTER TABLE `ecommerce_order_items`
  ADD CONSTRAINT `ecommerce_order_items_ibfk_1` FOREIGN KEY (`order_id`) REFERENCES `ecommerce_orders` (`id`),
  ADD CONSTRAINT `ecommerce_order_items_ibfk_2` FOREIGN KEY (`product_id`) REFERENCES `products` (`id`);

--
-- Constraints for table `invoices`
--
ALTER TABLE `invoices`
  ADD CONSTRAINT `invoices_ibfk_1` FOREIGN KEY (`order_id`) REFERENCES `orders` (`id`);

--
-- Constraints for table `journal_lines`
--
ALTER TABLE `journal_lines`
  ADD CONSTRAINT `journal_lines_ibfk_1` FOREIGN KEY (`journal_id`) REFERENCES `journal_entries` (`id`),
  ADD CONSTRAINT `journal_lines_ibfk_2` FOREIGN KEY (`account_id`) REFERENCES `chart_of_accounts` (`id`);

--
-- Constraints for table `leads`
--
ALTER TABLE `leads`
  ADD CONSTRAINT `leads_ibfk_1` FOREIGN KEY (`customer_id`) REFERENCES `customers` (`id`);

--
-- Constraints for table `lead_items`
--
ALTER TABLE `lead_items`
  ADD CONSTRAINT `lead_items_ibfk_1` FOREIGN KEY (`lead_id`) REFERENCES `leads` (`id`) ON DELETE CASCADE,
  ADD CONSTRAINT `lead_items_ibfk_2` FOREIGN KEY (`material_id`) REFERENCES `materials` (`id`);

--
-- Constraints for table `messages`
--
ALTER TABLE `messages`
  ADD CONSTRAINT `messages_ibfk_1` FOREIGN KEY (`conversation_id`) REFERENCES `conversations` (`id`);

--
-- Constraints for table `orders`
--
ALTER TABLE `orders`
  ADD CONSTRAINT `orders_ibfk_1` FOREIGN KEY (`quote_id`) REFERENCES `quotes` (`id`),
  ADD CONSTRAINT `orders_ibfk_2` FOREIGN KEY (`customer_id`) REFERENCES `customers` (`id`),
  ADD CONSTRAINT `orders_ibfk_3` FOREIGN KEY (`created_by`) REFERENCES `users` (`id`);

--
-- Constraints for table `payments`
--
ALTER TABLE `payments`
  ADD CONSTRAINT `payments_ibfk_1` FOREIGN KEY (`invoice_id`) REFERENCES `invoices` (`id`),
  ADD CONSTRAINT `payments_ibfk_2` FOREIGN KEY (`user_id`) REFERENCES `users` (`id`);

--
-- Constraints for table `pos_items`
--
ALTER TABLE `pos_items`
  ADD CONSTRAINT `pos_items_ibfk_1` FOREIGN KEY (`pos_id`) REFERENCES `pos_sales` (`id`);

--
-- Constraints for table `pos_sales`
--
ALTER TABLE `pos_sales`
  ADD CONSTRAINT `pos_sales_ibfk_1` FOREIGN KEY (`customer_id`) REFERENCES `customers` (`id`),
  ADD CONSTRAINT `pos_sales_ibfk_2` FOREIGN KEY (`cashier_id`) REFERENCES `users` (`id`);

--
-- Constraints for table `purchase_orders`
--
ALTER TABLE `purchase_orders`
  ADD CONSTRAINT `purchase_orders_ibfk_1` FOREIGN KEY (`supplier_id`) REFERENCES `suppliers` (`id`),
  ADD CONSTRAINT `purchase_orders_ibfk_2` FOREIGN KEY (`created_by`) REFERENCES `users` (`id`);

--
-- Constraints for table `purchase_order_items`
--
ALTER TABLE `purchase_order_items`
  ADD CONSTRAINT `purchase_order_items_ibfk_1` FOREIGN KEY (`purchase_order_id`) REFERENCES `purchase_orders` (`id`),
  ADD CONSTRAINT `purchase_order_items_ibfk_2` FOREIGN KEY (`material_id`) REFERENCES `materials` (`id`);

--
-- Constraints for table `quotes`
--
ALTER TABLE `quotes`
  ADD CONSTRAINT `quotes_ibfk_1` FOREIGN KEY (`customer_id`) REFERENCES `customers` (`id`),
  ADD CONSTRAINT `quotes_ibfk_2` FOREIGN KEY (`created_by`) REFERENCES `users` (`id`),
  ADD CONSTRAINT `quotes_ibfk_3` FOREIGN KEY (`approved_by`) REFERENCES `users` (`id`);

--
-- Constraints for table `quote_items`
--
ALTER TABLE `quote_items`
  ADD CONSTRAINT `quote_items_ibfk_1` FOREIGN KEY (`quote_id`) REFERENCES `quotes` (`id`),
  ADD CONSTRAINT `quote_items_ibfk_2` FOREIGN KEY (`material_id`) REFERENCES `materials` (`id`);

--
-- Constraints for table `role_permissions`
--
ALTER TABLE `role_permissions`
  ADD CONSTRAINT `role_permissions_ibfk_1` FOREIGN KEY (`role_id`) REFERENCES `roles` (`id`),
  ADD CONSTRAINT `role_permissions_ibfk_2` FOREIGN KEY (`permission_id`) REFERENCES `permissions` (`id`);

--
-- Constraints for table `stock_movements`
--
ALTER TABLE `stock_movements`
  ADD CONSTRAINT `stock_movements_ibfk_1` FOREIGN KEY (`material_id`) REFERENCES `materials` (`id`),
  ADD CONSTRAINT `stock_movements_ibfk_2` FOREIGN KEY (`user_id`) REFERENCES `users` (`id`);

--
-- Constraints for table `users`
--
ALTER TABLE `users`
  ADD CONSTRAINT `users_ibfk_1` FOREIGN KEY (`role_id`) REFERENCES `roles` (`id`);

--
-- Constraints for table `work_logs`
--
ALTER TABLE `work_logs`
  ADD CONSTRAINT `work_logs_ibfk_1` FOREIGN KEY (`work_order_id`) REFERENCES `work_orders` (`id`),
  ADD CONSTRAINT `work_logs_ibfk_2` FOREIGN KEY (`technician_id`) REFERENCES `users` (`id`);

--
-- Constraints for table `work_orders`
--
ALTER TABLE `work_orders`
  ADD CONSTRAINT `work_orders_ibfk_1` FOREIGN KEY (`order_id`) REFERENCES `orders` (`id`),
  ADD CONSTRAINT `work_orders_ibfk_2` FOREIGN KEY (`assigned_to`) REFERENCES `users` (`id`);
COMMIT;

/*!40101 SET CHARACTER_SET_CLIENT=@OLD_CHARACTER_SET_CLIENT */;
/*!40101 SET CHARACTER_SET_RESULTS=@OLD_CHARACTER_SET_RESULTS */;
/*!40101 SET COLLATION_CONNECTION=@OLD_COLLATION_CONNECTION */;
